rank	protein	mean_alpha	std_alpha	exp_log_scale	effective_weight
1	PABPN1_HepG2	0.1852035	0.15988545	1.1428308	0.21165626
2	HNRNPC_K562	0.18043534	0.27635378	1.0486634	0.18921594
3	SND1_HepG2	0.1615127	0.1019649	1.0806445	0.17453781
4	SND1_K562	0.071912825	0.07558151	1.1381699	0.08184901
5	U2AF2_HepG2	0.057099067	0.077243574	0.93770605	0.05354214
6	HNRNPC_HepG2	0.055865444	0.08648564	1.0194397	0.056951452
7	YBX3_HepG2	0.051059898	0.102143236	0.92027146	0.046988968
8	GRWD1_HepG2	0.03916267	0.07334732	1.0507282	0.041149322
9	YBX3_K562	0.03548892	0.057448853	1.0371598	0.03680768
10	NIP7_HepG2	0.034813575	0.032233596	1.0317234	0.03591798
11	HLTF_K562	0.028696038	0.05596138	1.0347393	0.029692916
12	LIN28B_K562	0.024674669	0.033207413	1.038646	0.025628246
13	SLTM_HepG2	0.015876874	0.04560839	1.0303121	0.016358135
14	EIF3D_HepG2	2.9019634e-07	6.785318e-07	0.9909524	2.8757074e-07
15	DROSHA_HepG2	7.5581575e-08	1.8813543e-07	0.9870204	7.460056e-08
16	PRPF4_HepG2	4.2860783e-08	1.033744e-07	0.98708594	4.2307278e-08
17	SRSF9_HepG2	1.4030947e-08	2.8820864e-08	0.9856209	1.3829195e-08
18	GEMIN5_K562	9.999924e-09	2.0680705e-08	0.9861463	9.861388e-09
19	SRSF1_HepG2	9.851144e-09	1.1415289e-08	0.98329324	9.6865636e-09
20	G3BP1_HepG2	8.478831e-09	8.235277e-09	0.9850924	8.352432e-09
21	XRCC6_K562	7.834355e-09	1.3676226e-08	0.98739314	7.735589e-09
22	POLR2G_HepG2	6.4492847e-09	8.976211e-09	0.9866518	6.363198e-09
23	AKAP1_K562	5.688086e-09	9.150303e-09	0.98539793	5.605028e-09
24	U2AF1_HepG2	5.3343365e-09	9.142094e-09	0.9858282	5.2587397e-09
25	HNRNPM_K562	4.2151664e-09	6.1024616e-09	0.98886144	4.1682156e-09
26	FXR1_K562	4.0620396e-09	5.6514082e-09	0.98711413	4.0096966e-09
27	STAU2_HepG2	3.7567065e-09	5.8868714e-09	0.98670477	3.7067602e-09
28	FMR1_K562	3.5890004e-09	4.984452e-09	0.98927957	3.5505248e-09
29	FXR2_HepG2	3.3272531e-09	5.155741e-09	0.98660433	3.2826823e-09
30	UCHL5_HepG2	3.2518408e-09	4.434633e-09	0.98842037	3.2141856e-09
31	RPS3_HepG2	3.2343694e-09	5.592699e-09	0.98817146	3.1961116e-09
32	SRSF1_K562	3.2342213e-09	5.203714e-09	0.98786366	3.1949696e-09
33	IGF2BP2_K562	3.0505936e-09	3.214813e-09	0.99023044	3.0207905e-09
34	AGGF1_HepG2	2.842316e-09	6.806786e-09	0.98422724	2.7974847e-09
35	EIF3H_HepG2	2.690402e-09	3.725168e-09	0.98870283	2.660008e-09
36	PTBP1_HepG2	2.6829734e-09	5.2322493e-09	0.9879213	2.6505667e-09
37	UPF1_HepG2	2.6401823e-09	4.0364796e-09	0.98612046	2.6035378e-09
38	MATR3_HepG2	2.6191393e-09	4.4988333e-09	0.986702	2.58431e-09
39	NOLC1_K562	2.3808246e-09	3.5190175e-09	0.9888012	2.3541622e-09
40	PTBP1_K562	2.118921e-09	3.5487195e-09	0.9857732	2.0887756e-09
41	DDX6_HepG2	2.0784923e-09	3.3001148e-09	0.98830503	2.0541844e-09
42	RBM15_HepG2	2.068852e-09	3.2283276e-09	0.9891751	2.0464568e-09
43	FXR2_K562	2.0291753e-09	3.385898e-09	0.98846936	2.0057775e-09
44	LSM11_HepG2	2.0167965e-09	3.0671483e-09	0.98819155	1.9929813e-09
45	ZNF800_HepG2	1.9592832e-09	3.566953e-09	0.9893814	1.9384783e-09
46	DDX42_K562	1.9136075e-09	3.003536e-09	0.98387104	1.882743e-09
47	XRCC6_HepG2	1.910874e-09	2.629956e-09	0.9884063	1.8887198e-09
48	GRSF1_HepG2	1.9022206e-09	2.8614462e-09	0.9890833	1.8814545e-09
49	ABCF1_K562	1.8887047e-09	2.8833358e-09	0.99033314	1.870447e-09
50	DDX24_K562	1.849458e-09	2.9905274e-09	0.9845387	1.8208629e-09
51	LIN28B_HepG2	1.7698784e-09	2.064279e-09	0.98422927	1.7419661e-09
52	AKAP8L_K562	1.7488901e-09	2.8591258e-09	0.98903596	1.7297153e-09
53	AKAP1_HepG2	1.7133193e-09	2.203026e-09	0.9884906	1.6935999e-09
54	NKRF_HepG2	1.6840852e-09	3.1986498e-09	0.9866495	1.6616019e-09
55	EFTUD2_HepG2	1.5885224e-09	3.1021008e-09	0.987117	1.5680575e-09
56	FASTKD2_HepG2	1.5805854e-09	2.9564793e-09	0.98938996	1.5638154e-09
57	FKBP4_HepG2	1.5792041e-09	2.4841622e-09	0.987452	1.5593882e-09
58	KHSRP_HepG2	1.5689375e-09	3.085394e-09	0.981284	1.5395734e-09
59	SUB1_HepG2	1.5589448e-09	2.4264246e-09	0.9883119	1.5407237e-09
60	IGF2BP1_HepG2	1.534839e-09	2.8718732e-09	0.9868133	1.5145996e-09
61	SAFB_K562	1.4975576e-09	2.3403075e-09	0.98917973	1.4813537e-09
62	HNRNPM_HepG2	1.4970002e-09	2.2961673e-09	0.98720795	1.4778505e-09
63	CSTF2_HepG2	1.4818872e-09	2.3826443e-09	0.987792	1.4637963e-09
64	FUBP3_HepG2	1.4571643e-09	2.3198623e-09	0.9911662	1.4442919e-09
65	U2AF2_K562	1.4148641e-09	1.6941077e-09	0.98581576	1.3947954e-09
66	FAM120A_K562	1.389082e-09	2.6010403e-09	0.98532444	1.3686964e-09
67	ILF3_K562	1.3869426e-09	2.244683e-09	0.98776335	1.369971e-09
68	TBRG4_HepG2	1.3858011e-09	2.1577875e-09	0.98670584	1.3673781e-09
69	IGF2BP3_HepG2	1.3338288e-09	2.0628619e-09	0.9886753	1.3187236e-09
70	SFPQ_HepG2	1.3112926e-09	2.387487e-09	0.98656124	1.2936705e-09
71	APOBEC3C_K562	1.3109549e-09	2.392077e-09	0.98827803	1.295588e-09
72	SSB_K562	1.3007201e-09	2.3296647e-09	0.9880157	1.2851319e-09
73	BUD13_HepG2	1.2944708e-09	2.514226e-09	0.9902509	1.2818508e-09
74	CPSF6_K562	1.2933058e-09	1.9441218e-09	0.98649365	1.275838e-09
75	FUS_HepG2	1.2757086e-09	2.0182176e-09	0.9833683	1.2544914e-09
76	HNRNPL_HepG2	1.2507139e-09	1.5714539e-09	0.98889744	1.2368278e-09
77	PPIL4_K562	1.2425548e-09	1.9725717e-09	0.9857506	1.2248492e-09
78	LARP4_HepG2	1.2270387e-09	1.8449254e-09	0.9871986	1.2113309e-09
79	UPF1_K562	1.222988e-09	2.130952e-09	0.985704	1.2055043e-09
80	WDR43_HepG2	1.1989372e-09	1.872685e-09	0.9843025	1.1801169e-09
81	FAM120A_HepG2	1.1960362e-09	2.0365918e-09	0.98550755	1.1787027e-09
82	DDX6_K562	1.1845478e-09	2.0451683e-09	0.9872291	1.1694201e-09
83	PABPC4_K562	1.1659389e-09	1.6358097e-09	0.9880229	1.1519744e-09
84	DDX59_HepG2	1.1545072e-09	1.7768457e-09	0.98948586	1.1423685e-09
85	YWHAG_K562	1.1471929e-09	1.9054067e-09	0.98842037	1.1339089e-09
86	CDC40_HepG2	1.1434622e-09	1.6761647e-09	0.9892125	1.1311271e-09
87	NCBP2_HepG2	1.1397562e-09	1.8172631e-09	0.9886252	1.1267917e-09
88	HLTF_HepG2	1.1217697e-09	1.8448126e-09	0.98799694	1.108305e-09
89	EWSR1_K562	1.1173612e-09	1.9618738e-09	0.98667556	1.102473e-09
90	SRSF7_K562	1.1129202e-09	1.7121812e-09	0.9876411	1.0991658e-09
91	KHSRP_K562	1.1092111e-09	2.0810098e-09	0.98149675	1.088687e-09
92	METAP2_K562	1.1069775e-09	1.8620077e-09	0.9854793	1.0909034e-09
93	EIF3G_K562	1.1044868e-09	1.5928637e-09	0.98916835	1.0925234e-09
94	FUS_K562	1.0985256e-09	1.68203e-09	0.98934585	1.0868217e-09
95	ZRANB2_K562	1.0888169e-09	1.9911879e-09	0.98677903	1.0744217e-09
96	DDX55_K562	1.0801243e-09	1.6841496e-09	0.98587286	1.0648653e-09
97	FTO_K562	1.0618167e-09	1.5795366e-09	0.9854708	1.0463894e-09
98	BCCIP_HepG2	1.0270047e-09	1.7344228e-09	0.98433125	1.0109128e-09
99	GTF2F1_HepG2	1.0231541e-09	1.8342752e-09	0.9853848	1.0082005e-09
100	SUPV3L1_HepG2	1.0109368e-09	1.8055992e-09	0.98681206	9.976046e-10
101	SUGP2_HepG2	9.954363e-10	1.4109085e-09	0.98977184	9.852548e-10
102	RBFOX2_HepG2	9.941045e-10	1.7871551e-09	0.9825152	9.767228e-10
103	XRN2_K562	9.88468e-10	1.4956981e-09	0.9885944	9.771939e-10
104	SAFB2_K562	9.882284e-10	1.6741866e-09	0.9847099	9.731183e-10
105	MATR3_K562	9.696631e-10	1.3486305e-09	0.98857117	9.58581e-10
106	GRWD1_K562	9.685047e-10	1.7084136e-09	0.98809874	9.569783e-10
107	NOLC1_HepG2	9.377087e-10	1.4532402e-09	0.9850779	9.237161e-10
108	EXOSC5_K562	9.363534e-10	1.3461411e-09	0.9893114	9.263451e-10
109	U2AF1_K562	9.36247e-10	1.4450867e-09	0.9882023	9.2520136e-10
110	MTPAP_K562	9.14696e-10	1.0035267e-09	0.9879166	9.036433e-10
111	TBRG4_K562	9.1050173e-10	1.1864101e-09	0.9889067	9.0040125e-10
112	DHX30_HepG2	9.021771e-10	1.3703363e-09	0.98959816	8.927928e-10
113	BCLAF1_HepG2	8.9219326e-10	1.5980238e-09	0.985974	8.796794e-10
114	ZC3H8_K562	8.918062e-10	1.495652e-09	0.9844644	8.7795143e-10
115	RBFOX2_K562	8.858177e-10	1.4308218e-09	0.9897375	8.76727e-10
116	PPIG_HepG2	8.8457225e-10	1.446729e-09	0.9885099	8.7440843e-10
117	QKI_K562	8.738468e-10	1.3811986e-09	0.9860603	8.616656e-10
118	ZC3H11A_K562	8.733644e-10	9.802505e-10	0.99051005	8.650762e-10
119	HNRNPU_K562	8.7258833e-10	1.7451565e-09	0.98497033	8.594736e-10
120	RBM5_HepG2	8.667331e-10	1.2913116e-09	0.98828703	8.565811e-10
121	HNRNPUL1_HepG2	8.6154045e-10	1.3836632e-09	0.9883122	8.5147095e-10
122	ZC3H11A_HepG2	8.5389057e-10	1.2998526e-09	0.98816556	8.4378526e-10
123	ILF3_HepG2	8.531111e-10	1.480644e-09	0.9897961	8.4440605e-10
124	AGGF1_K562	8.468696e-10	1.5208635e-09	0.9861543	8.3514407e-10
125	QKI_HepG2	8.442425e-10	1.5558398e-09	0.9845318	8.311836e-10
126	GTF2F1_K562	8.432862e-10	1.3621074e-09	0.989346	8.3430185e-10
127	DDX3X_HepG2	8.379839e-10	1.3956682e-09	0.9869296	8.270311e-10
128	PUM1_K562	8.347748e-10	1.4946685e-09	0.9862588	8.23304e-10
129	CSTF2T_K562	8.317315e-10	1.4245648e-09	0.9881999	8.21917e-10
130	DDX52_HepG2	8.297863e-10	1.29404e-09	0.98897296	8.206362e-10
131	RBM15_K562	8.102955e-10	1.2699491e-09	0.9872801	7.999886e-10
132	UCHL5_K562	8.09119e-10	1.5182227e-09	0.9863147	7.9804596e-10
133	DDX21_K562	8.0511986e-10	1.5119469e-09	0.98268837	7.911819e-10
134	RBM22_K562	7.9862295e-10	1.5159571e-09	0.9836826	7.855915e-10
135	HNRNPUL1_K562	7.9396983e-10	1.3135252e-09	0.98735553	7.8393053e-10
136	IGF2BP1_K562	7.868726e-10	1.131911e-09	0.9874706	7.770136e-10
137	CSTF2T_HepG2	7.7702506e-10	1.3131303e-09	0.9870116	7.6693274e-10
138	ZNF622_K562	7.759531e-10	1.307323e-09	0.9856886	7.6484813e-10
139	RPS3_K562	7.701085e-10	1.0155613e-09	0.9895558	7.620653e-10
140	LARP4_K562	7.690695e-10	1.2874763e-09	0.98758376	7.595205e-10
141	ZNF800_K562	7.6456264e-10	1.3619351e-09	0.9867017	7.5439527e-10
142	SDAD1_HepG2	7.6233997e-10	1.4036875e-09	0.98807865	7.5325185e-10
143	NOL12_HepG2	7.4838724e-10	1.1387533e-09	0.986582	7.383454e-10
144	RBM22_HepG2	7.4783174e-10	1.4086311e-09	0.9856638	7.3711065e-10
145	XPO5_HepG2	7.472572e-10	1.3865737e-09	0.98626214	7.3699147e-10
146	EFTUD2_K562	7.314812e-10	1.1606106e-09	0.9895301	7.2382267e-10
147	DROSHA_K562	7.3124085e-10	1.116421e-09	0.9885796	7.2288975e-10
148	NCBP2_K562	7.2831524e-10	1.3353835e-09	0.9885051	7.199433e-10
149	NIPBL_K562	7.283013e-10	1.1802919e-09	0.98788637	7.194789e-10
150	PRPF8_K562	7.1977774e-10	1.1837403e-09	0.9885194	7.1151424e-10
151	PUS1_K562	7.1925726e-10	1.2692646e-09	0.98423827	7.079205e-10
152	EIF4G2_K562	7.1743267e-10	1.3629013e-09	0.98419255	7.060919e-10
153	GPKOW_K562	7.1430006e-10	1.2289938e-09	0.98947746	7.067838e-10
154	BUD13_K562	7.026298e-10	1.2023004e-09	0.9870255	6.935135e-10
155	CPEB4_K562	6.955821e-10	1.1792703e-09	0.987175	6.8666123e-10
156	HNRNPK_K562	6.9456996e-10	1.3833046e-09	0.98200154	6.820688e-10
157	SF3B1_K562	6.9367057e-10	1.0752191e-09	0.98556584	6.83658e-10
158	HNRNPA1_HepG2	6.842458e-10	1.03115e-09	0.98832685	6.762585e-10
159	TIAL1_HepG2	6.815554e-10	1.1915982e-09	0.9867425	6.725197e-10
160	HNRNPL_K562	6.8111045e-10	1.0748435e-09	0.9868543	6.721568e-10
161	FASTKD2_K562	6.682493e-10	1.4361197e-09	0.9856389	6.586525e-10
162	SAFB_HepG2	6.592429e-10	1.0294455e-09	0.98835665	6.515671e-10
163	SMNDC1_HepG2	6.489447e-10	9.966366e-10	0.98808527	6.412127e-10
164	TAF15_HepG2	6.3717803e-10	1.0025222e-09	0.98827094	6.297045e-10
165	UTP3_K562	6.3570293e-10	9.41792e-10	0.9895203	6.29041e-10
166	SLBP_K562	6.237096e-10	1.2519344e-09	0.9829244	6.130594e-10
167	TIA1_HepG2	6.197201e-10	1.0772185e-09	0.9901394	6.1360933e-10
168	TRA2A_HepG2	6.1390204e-10	1.0232886e-09	0.98455536	6.0442057e-10
169	DHX30_K562	6.115152e-10	1.0082433e-09	0.98644584	6.0322664e-10
170	DGCR8_HepG2	6.028071e-10	9.991041e-10	0.9873748	5.951965e-10
171	NONO_K562	5.975243e-10	9.007593e-10	0.9905157	5.9185723e-10
172	TIA1_K562	5.9521915e-10	7.819932e-10	0.9851863	5.8640176e-10
173	DDX52_K562	5.9259836e-10	8.883469e-10	0.98551893	5.840169e-10
174	DGCR8_K562	5.879571e-10	1.1329576e-09	0.9875995	5.806662e-10
175	AARS_K562	5.844589e-10	8.758929e-10	0.98752236	5.7716626e-10
176	SSB_HepG2	5.7718846e-10	9.355335e-10	0.98658466	5.6944527e-10
177	PCBP2_HepG2	5.392944e-10	8.414378e-10	0.9886459	5.331712e-10
178	FTO_HepG2	5.328053e-10	7.8350526e-10	0.9874752	5.26132e-10
179	DDX3X_K562	5.271518e-10	9.260653e-10	0.98618203	5.1986765e-10
180	KHDRBS1_K562	5.237799e-10	7.37792e-10	0.9902608	5.186787e-10
181	SF3A3_HepG2	5.044368e-10	8.299176e-10	0.98743325	4.980977e-10
182	TRA2A_K562	4.891407e-10	7.3629447e-10	0.9892035	4.838597e-10
183	AQR_K562	4.847754e-10	8.8173074e-10	0.98643565	4.781997e-10
184	HNRNPA1_K562	4.775117e-10	6.863382e-10	0.98866993	4.7210147e-10
185	LARP7_K562	4.7058996e-10	6.585566e-10	0.9883423	4.6510396e-10
186	SUPV3L1_K562	4.681138e-10	7.430417e-10	0.9895511	4.6322257e-10
187	PUM2_K562	4.675064e-10	6.405936e-10	0.988198	4.619889e-10
188	HNRNPK_HepG2	4.6526516e-10	7.3814754e-10	0.985998	4.587505e-10
189	AQR_HepG2	4.5874665e-10	9.2480407e-10	0.9884342	4.5344087e-10
190	XRN2_HepG2	4.513722e-10	6.9756934e-10	0.98768836	4.4581505e-10
191	LSM11_K562	4.4008883e-10	6.589411e-10	0.9875269	4.3459955e-10
192	PRPF8_HepG2	4.3993842e-10	6.9430084e-10	0.98673016	4.341005e-10
193	DDX51_K562	4.3744683e-10	6.8461603e-10	0.98763305	4.3203693e-10
194	EXOSC5_HepG2	4.244355e-10	5.745392e-10	0.99013287	4.2024753e-10
195	TAF15_K562	4.1574977e-10	6.73393e-10	0.98595905	4.0991224e-10
196	WDR3_K562	4.135878e-10	6.684445e-10	0.9892251	4.0913142e-10
197	PHF6_K562	3.8477777e-10	5.7892374e-10	0.9884826	3.8034612e-10
198	SF3B4_K562	3.8069323e-10	6.703051e-10	0.9844201	3.7476208e-10
199	DKC1_HepG2	3.6992587e-10	5.745533e-10	0.9864525	3.649143e-10
200	HNRNPU_HepG2	3.6210662e-10	6.035322e-10	0.98737454	3.5753486e-10
201	WDR43_K562	3.5603462e-10	6.542676e-10	0.98506737	3.507181e-10
202	SMNDC1_K562	3.5094894e-10	6.66548e-10	0.98265207	3.448607e-10
203	SLTM_K562	3.4315362e-10	4.4339754e-10	0.98965293	3.3960298e-10
204	WRN_K562	3.418494e-10	5.746455e-10	0.98621887	3.3713835e-10
205	PCBP1_K562	3.3127107e-10	6.048547e-10	0.9843183	3.2607617e-10
206	UTP18_K562	3.2833494e-10	4.5592466e-10	0.9895516	3.2490438e-10
207	SDAD1_K562	3.235078e-10	4.754116e-10	0.98846054	3.197747e-10
208	RPS11_K562	3.1749298e-10	4.788991e-10	0.987645	3.1357034e-10
209	SF3B4_HepG2	3.0812045e-10	4.743805e-10	0.98717874	3.0416997e-10
210	AATF_K562	2.900846e-10	3.6946607e-10	0.98818177	2.866563e-10
211	LARP7_HepG2	2.889591e-10	4.7364296e-10	0.98539925	2.847401e-10
212	PCBP1_HepG2	2.8281827e-10	3.646163e-10	0.9898345	2.7994326e-10
213	TROVE2_HepG2	2.8210084e-10	4.3568862e-10	0.986824	2.7838387e-10
214	TARDBP_K562	2.783058e-10	5.0405613e-10	0.98489296	2.741014e-10
215	NPM1_K562	2.5572414e-10	4.0842402e-10	0.98624176	2.522058e-10
216	SRSF7_HepG2	2.531734e-10	3.9908996e-10	0.9895935	2.5053876e-10
217	GNL3_K562	2.433834e-10	3.080699e-10	0.99097806	2.411876e-10
218	SERBP1_K562	2.3467694e-10	4.347178e-10	0.9824437	2.3055688e-10
219	SBDS_K562	2.140091e-10	3.678781e-10	0.98802924	2.1144725e-10
220	TROVE2_K562	1.990623e-10	2.9837546e-10	0.98933834	1.9693996e-10
221	NSUN2_K562	1.972368e-10	2.8328842e-10	0.9884791	1.9496445e-10
222	DDX55_HepG2	1.587117e-10	2.484119e-10	0.9853387	1.5638478e-10
223	UTP18_HepG2	1.5555905e-10	2.9384423e-10	0.98684627	1.5351287e-10
