rank,protein,mean_alpha,std_alpha,exp_log_scale,effective_weight
1,HNRNPC_K562,0.19320986,0.2977562,0.9850088,0.1903134
2,PABPN1_HepG2,0.19061558,0.16987358,1.1993625,0.22861718
3,SND1_HepG2,0.17862897,0.12513739,1.081996,0.19327582
4,HNRNPC_HepG2,0.074807204,0.12747061,0.83998924,0.06283725
5,U2AF2_HepG2,0.06768891,0.100402325,0.7604815,0.051476166
6,SND1_K562,0.06249603,0.060761053,1.3465058,0.08415126
7,YBX3_HepG2,0.061320435,0.14836861,0.7515695,0.04608657
8,NIP7_HepG2,0.04390131,0.046055544,1.1322688,0.049708083
9,HLTF_K562,0.043407407,0.09030921,0.93027174,0.040380683
10,YBX3_K562,0.034132145,0.060313694,1.1032453,0.03765613
11,LIN28B_K562,0.028104383,0.04411266,1.1336375,0.031860184
12,SLTM_HepG2,0.02081521,0.06268338,0.99669003,0.020746313
13,G3BP1_HepG2,1.0365221e-08,1.6716088e-08,0.9794087,1.0151787e-08
14,GRWD1_HepG2,7.557578e-09,9.125979e-09,0.98368174,7.434251e-09
15,IGF2BP2_K562,6.408472e-09,1.0026797e-08,0.98487025,6.3115135e-09
16,SRSF1_HepG2,4.961958e-09,9.829472e-09,0.97683966,4.8470374e-09
17,FXR1_K562,4.2825623e-09,7.784276e-09,0.9816074,4.2037946e-09
18,SRSF9_HepG2,4.259149e-09,1.2047356e-08,0.9781275,4.1659907e-09
19,ABCF1_K562,4.2152197e-09,7.1332726e-09,0.9842755,4.1489376e-09
20,SRSF1_K562,3.4119314e-09,7.913213e-09,0.98119044,3.3477545e-09
21,EIF3D_HepG2,3.2359484e-09,6.347591e-09,0.9831158,3.1813119e-09
22,FXR2_HepG2,2.9772222e-09,6.9915718e-09,0.98012966,2.9180638e-09
23,STAU2_HepG2,2.9409024e-09,8.966114e-09,0.98115593,2.8854839e-09
24,POLR2G_HepG2,2.8849398e-09,8.379497e-09,0.97821426,2.8220892e-09
25,U2AF1_HepG2,2.7704865e-09,5.4389213e-09,0.9812185,2.7184526e-09
26,LIN28B_HepG2,2.6411127e-09,6.3535475e-09,0.9801265,2.5886244e-09
27,AKAP1_K562,2.637274e-09,7.85089e-09,0.9781559,2.5796651e-09
28,UCHL5_HepG2,2.5053368e-09,5.2951914e-09,0.9826349,2.4618314e-09
29,DDX55_K562,2.4914695e-09,7.1894783e-09,0.9798286,2.441213e-09
30,U2AF2_K562,2.4825042e-09,4.9397166e-09,0.98083866,2.434936e-09
31,DROSHA_HepG2,2.3562206e-09,5.5613962e-09,0.98073107,2.3108186e-09
32,CPSF6_K562,2.2272437e-09,4.2884754e-09,0.9821976,2.1875934e-09
33,FMR1_K562,2.2011684e-09,4.702817e-09,0.98307574,2.1639153e-09
34,ZNF800_HepG2,2.19326e-09,4.565285e-09,0.9838708,2.1578845e-09
35,EIF3H_HepG2,2.192956e-09,4.6666555e-09,0.98276615,2.155163e-09
36,SRSF7_K562,2.1745952e-09,4.0080317e-09,0.9824066,2.1363367e-09
37,EIF3G_K562,2.0624824e-09,3.5645917e-09,0.9841122,2.0297142e-09
38,HNRNPM_K562,1.9872568e-09,3.8854515e-09,0.9836815,1.9548279e-09
39,RPS3_HepG2,1.907502e-09,4.3139963e-09,0.9822183,1.8735833e-09
40,NOLC1_K562,1.8880606e-09,4.094773e-09,0.9830278,1.8560161e-09
41,XRCC6_K562,1.887535e-09,5.0147655e-09,0.9818549,1.8532855e-09
42,LARP4_HepG2,1.8780189e-09,4.5614135e-09,0.9816706,1.8435959e-09
43,FXR2_K562,1.8535307e-09,4.261581e-09,0.98301953,1.8220568e-09
44,UPF1_HepG2,1.7995787e-09,4.884769e-09,0.9795292,1.7627398e-09
45,AKAP1_HepG2,1.7191081e-09,3.179475e-09,0.9833047,1.690407e-09
46,ZNF800_K562,1.6211592e-09,4.2846895e-09,0.9816652,1.5914355e-09
47,METAP2_K562,1.6100992e-09,4.4764636e-09,0.98005354,1.5779834e-09
48,MATR3_HepG2,1.6073928e-09,3.1365275e-09,0.98111516,1.5770374e-09
49,PRPF4_HepG2,1.5988464e-09,3.593178e-09,0.9822803,1.5705154e-09
50,SAFB_K562,1.5414623e-09,2.6227294e-09,0.9841304,1.5169999e-09
51,SUB1_HepG2,1.5055134e-09,3.3419982e-09,0.9827824,1.4795921e-09
52,TRA2A_HepG2,1.4909094e-09,3.954556e-09,0.9792629,1.4599922e-09
53,SSB_K562,1.4887392e-09,2.7327003e-09,0.98205227,1.4620197e-09
54,IGF2BP1_HepG2,1.4701593e-09,3.9485553e-09,0.9816611,1.4431982e-09
55,GRWD1_K562,1.4457883e-09,3.420166e-09,0.9818476,1.4195437e-09
56,APOBEC3C_K562,1.4386928e-09,2.9579967e-09,0.9835751,1.4150624e-09
57,FUBP3_HepG2,1.4270597e-09,2.2822264e-09,0.98548186,1.4063415e-09
58,DDX24_K562,1.4248976e-09,3.6948813e-09,0.97950226,1.3956905e-09
59,NCBP2_HepG2,1.3860014e-09,2.4745885e-09,0.9836145,1.3632911e-09
60,LSM11_HepG2,1.3747722e-09,2.3168878e-09,0.9834906,1.3520755e-09
61,GEMIN5_K562,1.368837e-09,3.3145364e-09,0.9811898,1.343089e-09
62,XRCC6_HepG2,1.3629703e-09,3.2610847e-09,0.9823366,1.3388955e-09
63,IGF2BP1_K562,1.3613192e-09,2.7649723e-09,0.9830476,1.3382415e-09
64,NOLC1_HepG2,1.3604529e-09,3.572689e-09,0.97814363,1.3307183e-09
65,FTO_K562,1.3515989e-09,3.5237953e-09,0.98067385,1.3254777e-09
66,MTPAP_K562,1.3348986e-09,3.090678e-09,0.98257923,1.3116437e-09
67,FASTKD2_HepG2,1.3337529e-09,2.5930018e-09,0.9842003,1.31268e-09
68,AKAP8L_K562,1.32969e-09,2.5818205e-09,0.98365915,1.3079617e-09
69,PPIL4_K562,1.3027304e-09,2.560258e-09,0.9815236,1.2786605e-09
70,ZNF622_K562,1.2954351e-09,3.2415157e-09,0.98108983,1.2709382e-09
71,HNRNPM_HepG2,1.2837482e-09,2.4735973e-09,0.9820689,1.2607292e-09
72,KHSRP_HepG2,1.2823375e-09,3.438409e-09,0.97769505,1.253735e-09
73,HNRNPL_HepG2,1.2714592e-09,2.0616724e-09,0.9829813,1.2498206e-09
74,PTBP1_K562,1.2415923e-09,3.0542975e-09,0.980929,1.2179139e-09
75,DDX42_K562,1.2407843e-09,2.4198104e-09,0.9805184,1.2166118e-09
76,FKBP4_HepG2,1.2285849e-09,3.1778271e-09,0.98157775,1.2059516e-09
77,CDC40_HepG2,1.2280217e-09,2.3032247e-09,0.9837887,1.2081139e-09
78,AGGF1_HepG2,1.2273671e-09,3.0304295e-09,0.97879326,1.2013387e-09
79,BCLAF1_HepG2,1.2217416e-09,3.3260306e-09,0.9801501,1.1974901e-09
80,FUS_K562,1.2202626e-09,2.1643545e-09,0.98400897,1.2007493e-09
81,PUM1_K562,1.2148776e-09,3.0299112e-09,0.9812739,1.1921277e-09
82,TBRG4_HepG2,1.2119511e-09,1.958685e-09,0.980909,1.1888137e-09
83,EIF4G2_K562,1.2063301e-09,2.7896057e-09,0.9787644,1.180713e-09
84,HLTF_HepG2,1.2042224e-09,2.5692484e-09,0.9830804,1.1838475e-09
85,CPEB4_K562,1.2006374e-09,2.992639e-09,0.9821755,1.1792366e-09
86,PTBP1_HepG2,1.1882986e-09,2.714835e-09,0.9818905,1.1667791e-09
87,DDX6_HepG2,1.1848167e-09,2.5438531e-09,0.98281753,1.1644586e-09
88,QKI_K562,1.1780569e-09,2.6544162e-09,0.98133796,1.1560719e-09
89,RBM15_HepG2,1.1710213e-09,2.018725e-09,0.98400456,1.1522903e-09
90,KHSRP_K562,1.1548074e-09,2.717123e-09,0.9787538,1.1302721e-09
91,DHX30_HepG2,1.1451449e-09,1.8174487e-09,0.9837131,1.126494e-09
92,DDX6_K562,1.1397114e-09,2.8142408e-09,0.98122096,1.1183088e-09
93,RPS3_K562,1.1270778e-09,2.0085333e-09,0.984042,1.1090918e-09
94,TIA1_K562,1.1241449e-09,1.981005e-09,0.97827107,1.0997184e-09
95,BUD13_HepG2,1.1156952e-09,1.7418008e-09,0.98468244,1.0986054e-09
96,DDX21_K562,1.1099487e-09,2.5807223e-09,0.9752584,1.0824868e-09
97,MATR3_K562,1.1089915e-09,2.1954394e-09,0.98265654,1.0897577e-09
98,SUGP2_HepG2,1.1033265e-09,2.0631248e-09,0.9842027,1.0858969e-09
99,GRSF1_HepG2,1.0977533e-09,2.4126596e-09,0.98399633,1.0801853e-09
100,SDAD1_HepG2,1.0834774e-09,1.9847162e-09,0.9831557,1.065227e-09
101,PPIG_HepG2,1.0756522e-09,2.2602293e-09,0.98381406,1.0582418e-09
102,IGF2BP3_HepG2,1.0700606e-09,2.1994284e-09,0.982822,1.0516791e-09
103,CSTF2_HepG2,1.0679596e-09,2.596694e-09,0.9822655,1.0490199e-09
104,U2AF1_K562,1.0647955e-09,2.001994e-09,0.9832132,1.046921e-09
105,BUD13_K562,1.0619867e-09,1.8800121e-09,0.9826345,1.0435448e-09
106,ILF3_K562,1.0577731e-09,2.1215256e-09,0.98262525,1.0393946e-09
107,FTO_HepG2,1.0564493e-09,2.8845024e-09,0.98089516,1.036266e-09
108,SAFB2_K562,1.0556935e-09,3.03115e-09,0.9800672,1.0346506e-09
109,PABPC4_K562,1.0464623e-09,1.8795494e-09,0.9830939,1.0287706e-09
110,NKRF_HepG2,1.0463904e-09,2.7059985e-09,0.98098737,1.0264958e-09
111,EFTUD2_HepG2,1.0411083e-09,2.0408277e-09,0.98153764,1.021887e-09
112,WDR43_HepG2,1.0358784e-09,2.6504259e-09,0.97922176,1.0143546e-09
113,NOL12_HepG2,1.0339949e-09,2.5715312e-09,0.98217666,1.0155656e-09
114,ZC3H11A_K562,1.0314224e-09,1.9417241e-09,0.9849501,1.0158996e-09
115,UPF1_K562,1.0305515e-09,2.3865974e-09,0.980522,1.0104785e-09
116,FUS_HepG2,1.0282448e-09,3.146998e-09,0.9785199,1.006158e-09
117,UCHL5_K562,1.0226919e-09,2.3541795e-09,0.98108834,1.0033512e-09
118,EXOSC5_HepG2,1.0167562e-09,1.5420892e-09,0.9839992,1.0004874e-09
119,GPKOW_K562,1.0164951e-09,1.9256774e-09,0.9842905,1.0005264e-09
120,PUS1_K562,1.0091039e-09,2.7410325e-09,0.9794458,9.883626e-10
121,AQR_HepG2,1.0076798e-09,2.5738087e-09,0.9827855,9.903331e-10
122,EXOSC5_K562,1.0026107e-09,1.9944137e-09,0.9834674,9.860349e-10
123,YWHAG_K562,9.76865e-10,1.969205e-09,0.98401195,9.612469e-10
124,GTF2F1_HepG2,9.637003e-10,2.4966647e-09,0.9805689,9.449745e-10
125,PUM2_K562,9.576476e-10,2.293037e-09,0.9830919,9.414556e-10
126,DDX3X_K562,9.566647e-10,2.8036327e-09,0.979579,9.371287e-10
127,XRN2_K562,9.463451e-10,2.013294e-09,0.9826512,9.2992714e-10
128,RBFOX2_K562,9.458361e-10,1.8564978e-09,0.98437864,9.3106084e-10
129,ZC3H11A_HepG2,9.43314e-10,1.7364528e-09,0.9829821,9.2726077e-10
130,SSB_HepG2,9.405355e-10,2.2939914e-09,0.98057497,9.222656e-10
131,DDX3X_HepG2,9.281704e-10,2.413281e-09,0.98153615,9.1103275e-10
132,QKI_HepG2,9.2697433e-10,2.5815656e-09,0.979465,9.0793895e-10
133,BCCIP_HepG2,9.2674834e-10,2.4015006e-09,0.97902364,9.073085e-10
134,DDX59_HepG2,9.245931e-10,1.988549e-09,0.9831387,9.0900326e-10
135,SAFB_HepG2,9.0873875e-10,2.3229842e-09,0.98315203,8.9342833e-10
136,RBM15_K562,9.023255e-10,2.3104572e-09,0.981811,8.8591307e-10
137,TBRG4_K562,8.9915786e-10,1.651038e-09,0.983723,8.8452223e-10
138,EWSR1_K562,8.9651603e-10,1.8883561e-09,0.98177606,8.80178e-10
139,HNRNPUL1_K562,8.9391894e-10,1.8727153e-09,0.9817031,8.77563e-10
140,FAM120A_HepG2,8.811461e-10,1.8217549e-09,0.9809432,8.6435425e-10
141,ZC3H8_K562,8.7706664e-10,2.6285685e-09,0.9792503,8.5886775e-10
142,CSTF2T_K562,8.672122e-10,1.7295997e-09,0.982899,8.52382e-10
143,FAM120A_K562,8.612545e-10,1.9615114e-09,0.9806392,8.4457996e-10
144,HNRNPU_K562,8.542988e-10,2.3528233e-09,0.9804476,8.375952e-10
145,DDX52_HepG2,8.4228063e-10,2.1109954e-09,0.9827818,8.277781e-10
146,ZRANB2_K562,8.4007085e-10,1.987153e-09,0.9809208,8.2404294e-10
147,DGCR8_HepG2,8.284695e-10,1.5348283e-09,0.9824081,8.138952e-10
148,FASTKD2_K562,8.122974e-10,2.0599416e-09,0.9808481,7.9674034e-10
149,CSTF2T_HepG2,8.082054e-10,1.5959548e-09,0.98200697,7.936633e-10
150,AQR_K562,8.061034e-10,2.008186e-09,0.97964907,7.896985e-10
151,XPO5_HepG2,8.003444e-10,1.9901774e-09,0.9802259,7.8451834e-10
152,AGGF1_K562,7.998712e-10,1.8197821e-09,0.98209536,7.855498e-10
153,SUPV3L1_HepG2,7.994031e-10,1.7307531e-09,0.9823622,7.853034e-10
154,HNRNPK_K562,7.9730206e-10,2.3382751e-09,0.97652686,7.7858686e-10
155,LARP4_K562,7.9213247e-10,1.7433991e-09,0.98236257,7.781613e-10
156,SF3B1_K562,7.8956974e-10,1.5749265e-09,0.9815152,7.7497475e-10
157,TRA2A_K562,7.860261e-10,1.3320292e-09,0.9843824,7.7375023e-10
158,HNRNPL_K562,7.851446e-10,2.1660973e-09,0.98127335,7.704415e-10
159,RBM5_HepG2,7.8042095e-10,1.671852e-09,0.9827554,7.6696294e-10
160,SERBP1_K562,7.8038553e-10,2.352819e-09,0.9766847,7.621906e-10
161,LSM11_K562,7.7724704e-10,1.652585e-09,0.98247844,7.6362844e-10
162,DDX52_K562,7.747327e-10,1.9655406e-09,0.98067737,7.5976286e-10
163,PRPF8_K562,7.733397e-10,1.4800087e-09,0.9831026,7.602723e-10
164,PCBP1_HepG2,7.4910406e-10,1.3123204e-09,0.9844422,7.374496e-10
165,NCBP2_K562,7.473382e-10,1.644325e-09,0.98358405,7.3506995e-10
166,GTF2F1_K562,7.4365347e-10,1.3869508e-09,0.98441756,7.320655e-10
167,EFTUD2_K562,7.4197165e-10,1.5079007e-09,0.98407906,7.3015877e-10
168,RPS11_K562,7.412238e-10,1.7672666e-09,0.98257846,7.283105e-10
169,TAF15_HepG2,7.304451e-10,1.3365596e-09,0.9833542,7.1828626e-10
170,TIAL1_HepG2,7.245389e-10,1.7785274e-09,0.9818637,7.113984e-10
171,ILF3_HepG2,7.230264e-10,1.46921e-09,0.9834839,7.1108486e-10
172,AARS_K562,7.161775e-10,1.9679829e-09,0.9821454,7.0339046e-10
173,DHX30_K562,7.1433814e-10,1.7189974e-09,0.9817982,7.013359e-10
174,NIPBL_K562,7.1393763e-10,1.6719466e-09,0.9830859,7.01862e-10
175,TAF15_K562,7.0994877e-10,1.875928e-09,0.98152596,6.9683315e-10
176,DKC1_HepG2,7.0668615e-10,1.9207576e-09,0.98111296,6.9333894e-10
177,SDAD1_K562,7.0256406e-10,1.8255757e-09,0.9829674,6.905976e-10
178,PCBP1_K562,7.007657e-10,1.8571117e-09,0.9800681,6.867981e-10
179,SFPQ_HepG2,6.990309e-10,1.6501353e-09,0.9809497,6.8571415e-10
180,HNRNPUL1_HepG2,6.9020356e-10,1.4523702e-09,0.9831039,6.785418e-10
181,KHDRBS1_K562,6.8908385e-10,1.344569e-09,0.9845017,6.784042e-10
182,DROSHA_K562,6.8605294e-10,1.4513284e-09,0.9829435,6.7435124e-10
183,PRPF8_HepG2,6.839817e-10,1.4633293e-09,0.9813519,6.7122674e-10
184,PCBP2_HepG2,6.826973e-10,1.4424718e-09,0.9833327,6.7131856e-10
185,DGCR8_K562,6.751438e-10,1.5626838e-09,0.9816847,6.627783e-10
186,RBM22_HepG2,6.585195e-10,1.4714829e-09,0.9808285,6.458947e-10
187,HNRNPA1_HepG2,6.556069e-10,1.556603e-09,0.9831097,6.4453354e-10
188,AATF_K562,6.5370487e-10,1.2484795e-09,0.98341984,6.428663e-10
189,RBFOX2_HepG2,6.474865e-10,1.8474824e-09,0.97770566,6.330512e-10
190,TIA1_HepG2,6.418368e-10,1.4297541e-09,0.9842277,6.3171357e-10
191,UTP3_K562,6.128717e-10,9.977407e-10,0.98428583,6.032409e-10
192,HNRNPK_HepG2,6.128257e-10,1.4498917e-09,0.9807089,6.010036e-10
193,SLBP_K562,6.126948e-10,1.8452506e-09,0.9785119,5.9952915e-10
194,LARP7_HepG2,6.1005084e-10,1.414666e-09,0.98110956,5.9852673e-10
195,TROVE2_HepG2,6.023717e-10,1.5325285e-09,0.9812716,5.910903e-10
196,DDX51_K562,5.9879257e-10,1.3556212e-09,0.9824752,5.8829885e-10
197,NONO_K562,5.9845445e-10,1.1025124e-09,0.9849227,5.894314e-10
198,WRN_K562,5.9772975e-10,1.6614548e-09,0.98025036,5.859248e-10
199,PHF6_K562,5.9490946e-10,1.1959157e-09,0.9836263,5.851686e-10
200,SMNDC1_HepG2,5.921366e-10,1.3074112e-09,0.9829048,5.8201394e-10
201,HNRNPA1_K562,5.91734e-10,1.2312814e-09,0.98346645,5.8195054e-10
202,HNRNPU_HepG2,5.750269e-10,1.1477933e-09,0.98227876,5.6483673e-10
203,DDX55_HepG2,5.6818567e-10,1.4408388e-09,0.98141766,5.5762744e-10
204,WDR3_K562,5.588373e-10,1.1743877e-09,0.98377806,5.497719e-10
205,UTP18_K562,5.5226407e-10,1.2871554e-09,0.98416996,5.435217e-10
206,TARDBP_K562,5.505304e-10,1.6450333e-09,0.97970563,5.393577e-10
207,SLTM_K562,5.4445415e-10,1.1559311e-09,0.98435366,5.359354e-10
208,SUPV3L1_K562,5.282549e-10,1.3084449e-09,0.984323,5.1997345e-10
209,RBM22_K562,5.1287885e-10,1.46428e-09,0.97910404,5.0216176e-10
210,GNL3_K562,5.0879645e-10,7.4101864e-10,0.98586786,5.016061e-10
211,SF3A3_HepG2,5.044563e-10,1.1269483e-09,0.9821939,4.954739e-10
212,SRSF7_HepG2,4.89956e-10,1.0327916e-09,0.98396254,4.8209836e-10
213,WDR43_K562,4.848529e-10,1.131144e-09,0.981493,4.758797e-10
214,LARP7_K562,4.6317963e-10,8.842803e-10,0.98255175,4.5509796e-10
215,SF3B4_K562,4.581796e-10,1.3338631e-09,0.9792872,4.4868942e-10
216,SBDS_K562,4.5337736e-10,8.0751783e-10,0.98376465,4.460166e-10
217,XRN2_HepG2,4.4875237e-10,1.0084368e-09,0.97958094,4.3958925e-10
218,NSUN2_K562,4.3643716e-10,8.7925695e-10,0.98152643,4.283746e-10
219,SMNDC1_K562,4.2823473e-10,1.5216404e-09,0.9772649,4.1849876e-10
220,TROVE2_K562,4.0117062e-10,8.95491e-10,0.98416674,3.948188e-10
221,NPM1_K562,3.983239e-10,9.927317e-10,0.98128766,3.9087034e-10
222,SF3B4_HepG2,3.5249695e-10,8.366178e-10,0.9809571,3.4578437e-10
223,UTP18_HepG2,3.173696e-10,8.2304114e-10,0.9827135,3.118834e-10
