epoch,step,train/alpha_mean_epoch,train/alpha_mean_step,train/loss_epoch,train/loss_step,train/nll_epoch,train/nll_step,train/pearson_epoch,train/pearson_step,val/alpha_mean,val/loss,val/nll,val/pearson
0,49,,0.45864686369895935,,1.415842890739441,,6.1495819091796875,,0.755020022392273,,,,
0,99,,0.34589076042175293,,1.2446885108947754,,5.416227340698242,,0.6684767603874207,,,,
0,149,,0.20399875938892365,,1.2427977323532104,,5.583221435546875,,0.6640757322311401,,,,
0,199,,0.1286071091890335,,1.1952558755874634,,5.532532691955566,,0.6291419267654419,,,,
0,249,,0.09496438503265381,,1.2037270069122314,,5.621489524841309,,0.6320816278457642,,,,
0,299,,0.0821894034743309,,1.18626868724823,,5.489223480224609,,0.6291275024414062,,,,
0,349,,0.0716589093208313,,1.1735981702804565,,5.468053817749023,,0.6196268796920776,,,,
0,399,,0.06804101914167404,,1.1153181791305542,,5.353662967681885,,0.5731478333473206,,,,
0,449,,0.06239094212651253,,1.1540096998214722,,5.493535041809082,,0.5984170436859131,,,,
0,499,,0.05779379606246948,,1.1870497465133667,,5.545440673828125,,0.6267262697219849,,,,
0,549,,0.051156118512153625,,1.1816924810409546,,5.573591232299805,,0.6192177534103394,,,,
0,599,,0.04823236167430878,,1.2009414434432983,,5.624192714691162,,0.6336989402770996,,,,
0,610,,,,,,,,,0.04914696142077446,1.1583876609802246,5.489763259887695,0.6044966578483582
0,610,0.15588197112083435,,1.2295604944229126,,5.73617696762085,,0.6403548121452332,,,,,
1,649,,0.04776937887072563,,1.134336233139038,,5.454248428344727,,0.5841343998908997,,,,
1,699,,0.0442282110452652,,1.1587038040161133,,5.462266445159912,,0.6080543398857117,,,,
1,749,,0.04317420348525047,,1.1301863193511963,,5.576560974121094,,0.5682128071784973,,,,
1,799,,0.0407259576022625,,1.1174317598342896,,5.408870697021484,,0.5724722146987915,,,,
1,849,,0.039796147495508194,,1.1666375398635864,,5.482546806335449,,0.6144033670425415,,,,
1,899,,0.03681444004178047,,1.1153419017791748,,5.519913673400879,,0.5596691370010376,,,,
1,949,,0.036201488226652145,,1.1501636505126953,,5.563714981079102,,0.5901719331741333,,,,
1,999,,0.03747700899839401,,1.1343553066253662,,5.431825160980225,,0.5874249935150146,,,,
1,1049,,0.033343855291604996,,1.117382287979126,,5.424537658691406,,0.5715941190719604,,,,
1,1099,,0.03295440226793289,,1.146236777305603,,5.491609573364258,,0.5937803983688354,,,,
1,1149,,0.0294396560639143,,1.1241087913513184,,5.465700626373291,,0.5745947360992432,,,,
1,1199,,0.03061596117913723,,1.1598020792007446,,5.614470481872559,,0.5952932834625244,,,,
1,1221,,,,,,,,,0.029419081285595894,1.1459407806396484,5.480746269226074,0.5949241518974304
1,1221,0.03768661618232727,,1.143894076347351,,5.502720832824707,,0.5898522734642029,,,,,
2,1249,,0.02940496616065502,,1.1364401578903198,,5.4266157150268555,,0.5908380746841431,,,,
2,1299,,0.02813911996781826,,1.1237561702728271,,5.4181809425354,,0.5791241526603699,,,,
2,1349,,0.026241136714816093,,1.1002572774887085,,5.467573165893555,,0.5508757829666138,,,,
2,1399,,0.027110524475574493,,1.136861801147461,,5.418287754058838,,0.5923218727111816,,,,
2,1449,,0.026096493005752563,,1.1026750802993774,,5.445797920227051,,0.5554856061935425,,,,
2,1499,,0.024021701887249947,,1.1342576742172241,,5.53564453125,,0.5782909393310547,,,,
2,1549,,0.023411495611071587,,1.188226342201233,,5.620418548583984,,0.6238433718681335,,,,
2,1599,,0.02230849675834179,,1.131826400756836,,5.563665866851807,,0.5732289552688599,,,,
2,1649,,0.023590391501784325,,1.1113930940628052,,5.464151382446289,,0.5626189708709717,,,,
2,1699,,0.023033205419778824,,1.1126201152801514,,5.467375755310059,,0.5635792016983032,,,,
2,1749,,0.02123291790485382,,1.1195135116577148,,5.388671398162842,,0.5785230994224548,,,,
2,1799,,0.021338874474167824,,1.12134850025177,,5.416808128356934,,0.5775338411331177,,,,
2,1832,,,,,,,,,0.020487777888774872,1.1405649185180664,5.4891510009765625,0.5896012187004089
2,1832,0.024550583213567734,,1.135667324066162,,5.503407955169678,,0.5828724503517151,,,,,
3,1849,,0.02048504166305065,,1.11956787109375,,5.505377769470215,,0.5669815540313721,,,,
3,1899,,0.019861506298184395,,1.1443488597869873,,5.456076622009277,,0.5967550277709961,,,,
3,1949,,0.019986936822533607,,1.10874605178833,,5.459310531616211,,0.5608164072036743,,,,
3,1999,,0.01964874565601349,,1.1909679174423218,,5.638819694519043,,0.6251210570335388,,,,
3,2049,,0.019706035032868385,,1.094648838043213,,5.405640602111816,,0.5521141290664673,,,,
3,2099,,0.01831582374870777,,1.1414687633514404,,5.572537899017334,,0.582383394241333,,,,
3,2149,,0.017759252339601517,,1.1378703117370605,,5.555880546569824,,0.5805063247680664,,,,
3,2199,,0.01881100796163082,,1.1050059795379639,,5.400157928466797,,0.5631090402603149,,,,
3,2249,,0.01826036162674427,,1.1636837720870972,,5.601154327392578,,0.6017422676086426,,,,
3,2299,,0.016606928780674934,,1.0709975957870483,,5.432000637054443,,0.5261367559432983,,,,
3,2349,,0.016246678307652473,,1.1178916692733765,,5.540472984313965,,0.5622197389602661,,,,
3,2399,,0.01581902801990509,,1.1494956016540527,,5.588680267333984,,0.5890456438064575,,,,
3,2443,,,,,,,,,0.016730457544326782,1.137284755706787,5.498518466949463,0.5857599377632141
3,2443,0.018524877727031708,,1.1313420534133911,,5.503493785858154,,0.5791396498680115,,,,,
4,2449,,0.017093408852815628,,1.1113977432250977,,5.45758581161499,,0.5639297962188721,,,,
4,2499,,0.015531376004219055,,1.1260074377059937,,5.479640483856201,,0.5764902234077454,,,,
4,2549,,0.015987684950232506,,1.144565463066101,,5.441363334655762,,0.5988304615020752,,,,
4,2599,,0.015362128615379333,,1.131602168083191,,5.506699562072754,,0.5793958902359009,,,,
4,2649,,0.01518234796822071,,1.128736972808838,,5.5657267570495605,,0.5706461071968079,,,,
4,2699,,0.015449526719748974,,1.1078112125396729,,5.440438270568848,,0.5622223615646362,,,,
4,2749,,0.015367171727120876,,1.0840071439743042,,5.416108131408691,,0.540859580039978,,,,
4,2799,,0.015482659451663494,,1.1632728576660156,,5.560410022735596,,0.6056835651397705,,,,
4,2849,,0.014643124304711819,,1.1064038276672363,,5.3976335525512695,,0.5651760101318359,,,,
4,2899,,0.014874824322760105,,1.1238856315612793,,5.488415718078613,,0.5735564827919006,,,,
4,2949,,0.013395010493695736,,1.164358377456665,,5.625105857849121,,0.6005082130432129,,,,
4,2999,,0.014023961499333382,,1.1349239349365234,,5.483801364898682,,0.5851414203643799,,,,
4,3049,,0.01457204669713974,,1.1442999839782715,,5.518157958984375,,0.5910269021987915,,,,
4,3054,,,,,,,,,0.01445672195404768,1.1346936225891113,5.482297420501709,0.5850183963775635
4,3054,0.015222487039864063,,1.1283471584320068,,5.502893924713135,,0.5765356421470642,,,,,
5,3099,,0.014326147735118866,,1.127234697341919,,5.5560407638549805,,0.5701979994773865,,,,
5,3149,,0.014436407946050167,,1.1584243774414062,,5.535333633422852,,0.6034473180770874,,,,
5,3199,,0.014321988448500633,,1.1468992233276367,,5.560244560241699,,0.5894426107406616,,,,
5,3249,,0.012672658078372478,,1.1295394897460938,,5.481650352478027,,0.5801071524620056,,,,
5,3299,,0.012947959825396538,,1.13808012008667,,5.609494686126709,,0.5758357644081116,,,,
5,3349,,0.013312803581357002,,1.139666199684143,,5.461523056030273,,0.5921825766563416,,,,
5,3399,,0.012893489561975002,,1.1541370153427124,,5.680370330810547,,0.5848106145858765,,,,
5,3449,,0.012639000080525875,,1.1745749711990356,,5.542922019958496,,0.6190189123153687,,,,
5,3499,,0.011961834505200386,,1.1226310729980469,,5.547213554382324,,0.5667135715484619,,,,
5,3549,,0.013031194917857647,,1.1331244707107544,,5.4424567222595215,,0.5875757932662964,,,,
5,3599,,0.01277223601937294,,1.064802646636963,,5.288532257080078,,0.5346722602844238,,,,
5,3649,,0.012846202589571476,,1.1386301517486572,,5.5192437171936035,,0.585421085357666,,,,
5,3665,,,,,,,,,0.012498044408857822,1.133362889289856,5.48695182800293,0.5834178328514099
5,3665,0.01317162811756134,,1.1263093948364258,,5.501158237457275,,0.5748756527900696,,,,,
6,3699,,0.01233453769236803,,1.1306884288787842,,5.486092567443848,,0.5808457136154175,,,,
6,3749,,0.011553307063877583,,1.1648770570755005,,5.645499229431152,,0.5991717576980591,,,,
6,3799,,0.012353393249213696,,1.1173855066299438,,5.518955230712891,,0.5642545223236084,,,,
6,3849,,0.011779332533478737,,1.1288710832595825,,5.483820915222168,,0.5793110728263855,,,,
6,3899,,0.010992910712957382,,1.067002773284912,,5.407804489135742,,0.525122880935669,,,,
6,3949,,0.011642450466752052,,1.153768539428711,,5.611525058746338,,0.59145188331604,,,,
6,3999,,0.011978617869317532,,1.113724708557129,,5.484506607055664,,0.56407630443573,,,,
6,4049,,0.011617247015237808,,1.1227959394454956,,5.552749156951904,,0.5663594007492065,,,,
6,4099,,0.01164981722831726,,1.1231402158737183,,5.485823631286621,,0.5733928680419922,,,,
6,4149,,0.01116254273802042,,1.143122911453247,,5.622198104858398,,0.5797868967056274,,,,
6,4199,,0.011299562640488148,,1.1396089792251587,,5.506732940673828,,0.5878056883811951,,,,
6,4249,,0.010787900537252426,,1.103248119354248,,5.476881504058838,,0.5544811487197876,,,,
6,4276,,,,,,,,,0.011109737679362297,1.1316158771514893,5.489716053009033,0.5815333724021912
6,4276,0.011807335540652275,,1.124869704246521,,5.500349998474121,,0.5736530423164368,,,,,
7,4299,,0.011793265119194984,,1.1677160263061523,,5.56318998336792,,0.6102176904678345,,,,
7,4349,,0.011626806110143661,,1.1575777530670166,,5.546426296234131,,0.6017724871635437,,,,
7,4399,,0.011442644521594048,,1.1298927068710327,,5.438434600830078,,0.5849049091339111,,,,
7,4449,,0.010946108028292656,,1.1420962810516357,,5.504158020019531,,0.5905859470367432,,,,
7,4499,,0.011013142764568329,,1.1837116479873657,,5.630727767944336,,0.6195375919342041,,,,
7,4549,,0.010612262412905693,,1.118767261505127,,5.519719123840332,,0.5657341480255127,,,,
7,4599,,0.011349402368068695,,1.1300241947174072,,5.465084075927734,,0.5823807716369629,,,,
7,4649,,0.010600498877465725,,1.1230528354644775,,5.551255226135254,,0.5668672323226929,,,,
7,4699,,0.010849074460566044,,1.0754371881484985,,5.354640007019043,,0.5388882160186768,,,,
7,4749,,0.010613827034831047,,1.0834574699401855,,5.346583366394043,,0.547737717628479,,,,
7,4799,,0.010681590996682644,,1.0881578922271729,,5.390271186828613,,0.5480626821517944,,,,
7,4849,,0.010735749267041683,,1.133232831954956,,5.380472183227539,,0.5941120386123657,,,,
7,4887,,,,,,,,,0.010334288701415062,1.1308866739273071,5.48262357711792,0.581591010093689
7,4887,0.010887041687965393,,1.123594045639038,,5.498934268951416,,0.5726115107536316,,,,,
8,4899,,0.0102181825786829,,1.1217565536499023,,5.508152484893799,,0.5699194669723511,,,,
8,4949,,0.00970064289867878,,1.1318823099136353,,5.496733665466309,,0.581238865852356,,,,
8,4999,,0.01000291295349598,,1.0752032995224,,5.342458724975586,,0.5399571657180786,,,,
8,5049,,0.010282465256750584,,1.133650541305542,,5.494645118713379,,0.5831577777862549,,,,
8,5099,,0.010113733820617199,,1.121305227279663,,5.48798131942749,,0.5714957118034363,,,,
8,5149,,0.010314473882317543,,1.094895362854004,,5.44820499420166,,0.5490435361862183,,,,
8,5199,,0.009573682211339474,,1.1384283304214478,,5.614081382751465,,0.5760627388954163,,,,
8,5249,,0.009988101199269295,,1.1190670728683472,,5.513723373413086,,0.5666959285736084,,,,
8,5299,,0.010169489309191704,,1.1667026281356812,,5.608596324920654,,0.6048260927200317,,,,
8,5349,,0.010108578950166702,,1.0904306173324585,,5.41398286819458,,0.5480214357376099,,,,
8,5399,,0.010224401019513607,,1.0749040842056274,,5.369505405426025,,0.536931037902832,,,,
8,5449,,0.010271861217916012,,1.0939067602157593,,5.369812965393066,,0.5558981895446777,,,,
8,5498,,,,,,,,,0.009912321344017982,1.1299902200698853,5.485429763793945,0.5804563164710999
8,5498,0.010135835036635399,,1.1225435733795166,,5.497635364532471,,0.5717666149139404,,,,,
9,5499,,0.009698391892015934,,1.151428461074829,,5.508258819580078,,0.5996326804161072,,,,
9,5549,,0.009498081170022488,,1.1402277946472168,,5.5879411697387695,,0.5804838538169861,,,,
9,5599,,0.010049310512840748,,1.1378657817840576,,5.529279708862305,,0.5839328765869141,,,,
9,5649,,0.009630201384425163,,1.1148122549057007,,5.485383033752441,,0.5653109550476074,,,,
9,5699,,0.009318321011960506,,1.117378830909729,,5.541949272155762,,0.5622521042823792,,,,
9,5749,,0.009212090633809566,,1.1303272247314453,,5.493314743041992,,0.5800744295120239,,,,
9,5799,,0.009710646234452724,,1.1031303405761719,,5.497018337249756,,0.5524574518203735,,,,
9,5849,,0.009278947487473488,,1.1226832866668701,,5.479402542114258,,0.573815107345581,,,,
9,5899,,0.009798084385693073,,1.1599291563034058,,5.495142936706543,,0.6094351410865784,,,,
9,5949,,0.009108888916671276,,1.1177009344100952,,5.495943546295166,,0.5671957731246948,,,,
9,5999,,0.009513026103377342,,1.1157640218734741,,5.522103309631348,,0.5626024007797241,,,,
9,6049,,0.00921105407178402,,1.149335265159607,,5.523253440856934,,0.596088707447052,,,,
9,6099,,0.009281291626393795,,1.1676044464111328,,5.52313232421875,,0.6143630743026733,,,,
9,6109,,,,,,,,,0.009384221397340298,1.1290820837020874,5.479834079742432,0.5801602005958557
9,6109,0.009640808217227459,,1.121710181236267,,5.496506214141846,,0.5710954070091248,,,,,
10,6149,,0.009064796380698681,,1.1146800518035889,,5.564055919647217,,0.5573679804801941,,,,
10,6199,,0.00931924395263195,,1.1400675773620605,,5.493011474609375,,0.589834451675415,,,,
10,6249,,0.009266274981200695,,1.0998420715332031,,5.467282295227051,,0.5521872043609619,,,,
10,6299,,0.009260476566851139,,1.1072306632995605,,5.417908668518066,,0.5645136833190918,,,,
10,6349,,0.009017801843583584,,1.1093086004257202,,5.479738712310791,,0.5604328513145447,,,,
10,6399,,0.008835440501570702,,1.117485523223877,,5.547707557678223,,0.5618311166763306,,,,
10,6449,,0.009283503517508507,,1.1160602569580078,,5.432443618774414,,0.5718874931335449,,,,
10,6499,,0.009340868331491947,,1.1411089897155762,,5.498873710632324,,0.590287446975708,,,,
10,6549,,0.009100702591240406,,1.110715389251709,,5.507907390594482,,0.559014618396759,,,,
10,6599,,0.009157799184322357,,1.108948826789856,,5.478636741638184,,0.5601693987846375,,,,
10,6649,,0.00917062722146511,,1.135778784751892,,5.50692081451416,,0.5841696858406067,,,,
10,6699,,0.009087631478905678,,1.105303168296814,,5.391138076782227,,0.565280556678772,,,,
10,6720,,,,,,,,,0.008949516341090202,1.1291340589523315,5.493775844573975,0.5788617134094238
10,6720,0.009256230667233467,,1.1209781169891357,,5.495025157928467,,0.5705499649047852,,,,,
11,6749,,0.008618253283202648,,1.1353529691696167,,5.493746757507324,,0.5851163864135742,,,,
11,6799,,0.008906754665076733,,1.1181753873825073,,5.528890609741211,,0.5643956065177917,,,,
11,6849,,0.009100587107241154,,1.094508171081543,,5.483671188354492,,0.54523104429245,,,,
11,6899,,0.008853607811033726,,1.1371897459030151,,5.510732650756836,,0.5852310657501221,,,,
11,6949,,0.008885974064469337,,1.1187561750411987,,5.416831016540527,,0.5761844515800476,,,,
11,6999,,0.00898364745080471,,1.1082308292388916,,5.395854949951172,,0.5677468776702881,,,,
11,7049,,0.00887577049434185,,1.0761480331420898,,5.451453685760498,,0.5301149487495422,,,,
11,7099,,0.009027313441038132,,1.1351699829101562,,5.492249488830566,,0.5850422382354736,,,,
11,7149,,0.008567755110561848,,1.1216827630996704,,5.5745849609375,,0.5633674263954163,,,,
11,7199,,0.008295079693198204,,1.145087480545044,,5.605624198913574,,0.5836955308914185,,,,
11,7249,,0.008750969544053078,,1.1152719259262085,,5.477911472320557,,0.5666055679321289,,,,
11,7299,,0.009040755219757557,,1.1200357675552368,,5.508983612060547,,0.5682333111763,,,,
11,7331,,,,,,,,,0.00875005405396223,1.1286338567733765,5.5004377365112305,0.5777153968811035
11,7331,0.008911996148526669,,1.120348334312439,,5.493886947631836,,0.5700686573982239,,,,,
12,7349,,0.009079511277377605,,1.1067566871643066,,5.510052680969238,,0.554843544960022,,,,
12,7399,,0.008451641537249088,,1.08935546875,,5.347761154174805,,0.5537340641021729,,,,
12,7449,,0.008638538420200348,,1.167181134223938,,5.57526969909668,,0.6087902784347534,,,,
12,7499,,0.008392899297177792,,1.1045771837234497,,5.474814414978027,,0.5562564730644226,,,,
12,7549,,0.008381198160350323,,1.041843056678772,,5.300244331359863,,0.5109803676605225,,,,
12,7599,,0.008715149015188217,,1.1480716466903687,,5.572086811065674,,0.5899913311004639,,,,
12,7649,,0.008709404617547989,,1.1380093097686768,,5.633973598480225,,0.57374107837677,,,,
12,7699,,0.008855561725795269,,1.0842264890670776,,5.365213394165039,,0.5468195676803589,,,,
12,7749,,0.008625242859125137,,1.109244465827942,,5.518683433532715,,0.5565136671066284,,,,
12,7799,,0.008447357453405857,,1.1176074743270874,,5.5120439529418945,,0.5655583739280701,,,,
12,7849,,0.008547189645469189,,1.147587537765503,,5.535904407501221,,0.5931423306465149,,,,
12,7899,,0.008740030229091644,,1.117732286453247,,5.363896369934082,,0.5804685354232788,,,,
12,7942,,,,,,,,,0.008548378013074398,1.127606987953186,5.489089488983154,0.5778435468673706
12,7942,0.008700462989509106,,1.119673252105713,,5.4923787117004395,,0.569566547870636,,,,,
13,7949,,0.008609230630099773,,1.134469985961914,,5.505123138427734,,0.5830967426300049,,,,
13,7999,,0.008418666198849678,,1.1510283946990967,,5.558155059814453,,0.5943710803985596,,,,
13,8049,,0.009022642858326435,,1.126149296760559,,5.467868804931641,,0.578460156917572,,,,
13,8099,,0.008560644462704659,,1.1423841714859009,,5.492295742034912,,0.5922985672950745,,,,
13,8149,,0.008588457480072975,,1.169315218925476,,5.59133768081665,,0.6093225479125977,,,,
13,8199,,0.008935562334954739,,1.1246285438537598,,5.491244316101074,,0.5746104717254639,,,,
13,8249,,0.00842607207596302,,1.0908997058868408,,5.436178684234619,,0.5464392900466919,,,,
13,8299,,0.00875835120677948,,1.1211313009262085,,5.453117370605469,,0.5749437212944031,,,,
13,8349,,0.00838083028793335,,1.1309986114501953,,5.486968040466309,,0.5814638137817383,,,,
13,8399,,0.008353039622306824,,1.1437467336654663,,5.515972137451172,,0.5913141965866089,,,,
13,8449,,0.009472559206187725,,1.1063883304595947,,5.431723594665527,,0.5622686743736267,,,,
13,8499,,0.008574423380196095,,1.1187070608139038,,5.483357906341553,,0.5695138573646545,,,,
13,8549,,0.008488640189170837,,1.1214778423309326,,5.4992265701293945,,0.570706307888031,,,,
13,8553,,,,,,,,,0.008379981853067875,1.1275033950805664,5.494044303894043,0.5772610902786255
13,8553,0.00856476929038763,,1.119185447692871,,5.4915242195129395,,0.5691773295402527,,,,,
14,8599,,0.008003678172826767,,1.1129975318908691,,5.4881415367126465,,0.5633829236030579,,,,
14,8649,,0.008521199226379395,,1.1019129753112793,,5.445128917694092,,0.5565478801727295,,,,
14,8699,,0.008147032931447029,,1.110004186630249,,5.4470720291137695,,0.5644823312759399,,,,
14,8749,,0.008514786139130592,,1.0934785604476929,,5.46013069152832,,0.5466139912605286,,,,
14,8799,,0.008396484889090061,,1.1318882703781128,,5.520684242248535,,0.5789802074432373,,,,
14,8849,,0.008001481182873249,,1.1063437461853027,,5.430916786193848,,0.5624518394470215,,,,
14,8899,,0.008282671682536602,,1.1694247722625732,,5.607388496398926,,0.6078576445579529,,,,
14,8949,,0.008701352402567863,,1.0827289819717407,,5.366983413696289,,0.5451605916023254,,,,
14,8999,,0.008031518198549747,,1.098647952079773,,5.512801170349121,,0.5465646982192993,,,,
14,9049,,0.008745797909796238,,1.097382664680481,,5.316221237182617,,0.5648859739303589,,,,
14,9099,,0.00849114265292883,,1.046873688697815,,5.404452323913574,,0.5055792331695557,,,,
14,9149,,0.008805200457572937,,1.1423447132110596,,5.472747802734375,,0.5941894054412842,,,,
14,9164,,,,,,,,,0.00822696927934885,1.1270737648010254,5.473756313323975,0.5788753032684326
14,9164,0.00838959775865078,,1.118606448173523,,5.489471912384033,,0.5688194632530212,,,,,
15,9199,,0.008041189052164555,,1.0757349729537964,,5.325061798095703,,0.5424247980117798,,,,
15,9249,,0.008600784465670586,,1.1302541494369507,,5.502032279968262,,0.5791908502578735,,,,
15,9299,,0.008065295405685902,,1.1313741207122803,,5.482433795928955,,0.5823241472244263,,,,
15,9349,,0.008587926626205444,,1.1183826923370361,,5.561002731323242,,0.5614235997200012,,,,
15,9399,,0.008283261209726334,,1.1252483129501343,,5.525436878204346,,0.5718762874603271,,,,
15,9449,,0.008419880643486977,,1.0819017887115479,,5.349740982055664,,0.5460857152938843,,,,
15,9499,,0.008168396539986134,,1.1222118139266968,,5.500994682312012,,0.5712954998016357,,,,
15,9549,,0.00843140110373497,,1.1796215772628784,,5.606759071350098,,0.6181025505065918,,,,
15,9599,,0.007916931062936783,,1.1109720468521118,,5.516149520874023,,0.5585653781890869,,,,
15,9649,,0.0076731420122087,,1.1363412141799927,,5.5786333084106445,,0.5777105093002319,,,,
15,9699,,0.00818761344999075,,1.1493712663650513,,5.515507221221924,,0.5970017910003662,,,,
15,9749,,0.00797264650464058,,1.1344921588897705,,5.525407791137695,,0.5811540484428406,,,,
15,9775,,,,,,,,,0.008160741068422794,1.1265896558761597,5.473550796508789,0.5784182548522949
15,9775,0.0082381097599864,,1.1181601285934448,,5.488687038421631,,0.5684677958488464,,,,,
16,9799,,0.008114061318337917,,1.1025322675704956,,5.455408096313477,,0.5561800003051758,,,,
16,9849,,0.007930238731205463,,1.107994794845581,,5.5406107902526855,,0.5531407594680786,,,,
16,9899,,0.007977288216352463,,1.1041077375411987,,5.567780494689941,,0.5465319156646729,,,,
16,9949,,0.008510769344866276,,1.147559642791748,,5.534153461456299,,0.5932932496070862,,,,
16,9999,,0.008472451940178871,,1.126031756401062,,5.4557037353515625,,0.5796141028404236,,,,
16,10049,,0.008194471709430218,,1.1397991180419922,,5.562625885009766,,0.5827170610427856,,,,
16,10099,,0.008402461186051369,,1.112757682800293,,5.423802852630615,,0.5695372819900513,,,,
16,10149,,0.007955486886203289,,1.0466523170471191,,5.343193054199219,,0.5115374326705933,,,,
16,10199,,0.0078048198483884335,,1.105682611465454,,5.370495796203613,,0.5678525567054749,,,,
16,10249,,0.007676794193685055,,1.121598720550537,,5.563362121582031,,0.5644948482513428,,,,
16,10299,,0.007674578111618757,,1.1244430541992188,,5.489845275878906,,0.5746909976005554,,,,
16,10349,,0.00788390263915062,,1.1016567945480347,,5.453378677368164,,0.5555305480957031,,,,
16,10386,,,,,,,,,0.008296647109091282,1.1266509294509888,5.458825588226318,0.5799383521080017
16,10386,0.00812856201082468,,1.1176639795303345,,5.4874653816223145,,0.568105161190033,,,,,
17,10399,,0.008304615505039692,,1.1003215312957764,,5.351635932922363,,0.564327597618103,,,,
17,10449,,0.007977141998708248,,1.1600552797317505,,5.590845108032227,,0.6001729965209961,,,,
17,10499,,0.007998194545507431,,1.132727026939392,,5.519178867340088,,0.5800092816352844,,,,
17,10549,,0.00752619793638587,,1.0800002813339233,,5.355883598327637,,0.5436592698097229,,,,
17,10599,,0.008042506873607635,,1.144940733909607,,5.479396820068359,,0.5961966514587402,,,,
17,10649,,0.00815709587186575,,1.134423017501831,,5.50076961517334,,0.5835303068161011,,,,
17,10699,,0.007936595939099789,,1.1703031063079834,,5.619418621063232,,0.6075674891471863,,,,
17,10749,,0.008005993440747261,,1.1463184356689453,,5.5755228996276855,,0.5879656076431274,,,,
17,10799,,0.00767421443015337,,1.1200027465820312,,5.42491340637207,,0.5767439603805542,,,,
17,10849,,0.007742513902485371,,1.1205874681472778,,5.613386631011963,,0.558474600315094,,,,
17,10899,,0.007891817018389702,,1.1546366214752197,,5.446955680847168,,0.6091518998146057,,,,
17,10949,,0.007877383381128311,,1.1202940940856934,,5.369762420654297,,0.58253014087677,,,,
17,10997,,,,,,,,,0.008098781108856201,1.1256988048553467,5.4743266105651855,0.5774564146995544
17,10997,0.00804989691823721,,1.1172590255737305,,5.485511779785156,,0.567902684211731,,,,,
18,10999,,0.008517984300851822,,1.1003435850143433,,5.448141098022461,,0.5546776652336121,,,,
18,11049,,0.008482773788273335,,1.0946764945983887,,5.370125770568848,,0.5568156242370605,,,,
18,11099,,0.008076731115579605,,1.1153533458709717,,5.452204704284668,,0.5693252086639404,,,,
18,11149,,0.0076411934569478035,,1.0835280418395996,,5.3458709716796875,,0.5481767654418945,,,,
18,11199,,0.007955968379974365,,1.1069320440292358,,5.486441612243652,,0.5574922561645508,,,,
18,11249,,0.007723740767687559,,1.0982359647750854,,5.427974700927734,,0.5546661019325256,,,,
18,11299,,0.007638510782271624,,1.144533395767212,,5.584016799926758,,0.5853677988052368,,,,
18,11349,,0.0076952408999204636,,1.1307705640792847,,5.450006008148193,,0.5850004553794861,,,,
18,11399,,0.007958706468343735,,1.1190049648284912,,5.443815231323242,,0.5738275647163391,,,,
18,11449,,0.00759685505181551,,1.09345543384552,,5.386470794677734,,0.5540485382080078,,,,
18,11499,,0.008159889839589596,,1.1311687231063843,,5.398866653442383,,0.5904660224914551,,,,
18,11549,,0.00787432212382555,,1.0870131254196167,,5.508294105529785,,0.5353962779045105,,,,
18,11599,,0.00810625497251749,,1.0978766679763794,,5.442534446716309,,0.5528125762939453,,,,
18,11608,,,,,,,,,0.007990456186234951,1.1255931854248047,5.485373497009277,0.5762565732002258
18,11608,0.007962572388350964,,1.1169265508651733,,5.485065460205078,,0.5676235556602478,,,,,
19,11649,,0.007795792538672686,,1.1339588165283203,,5.5198283195495605,,0.5811964273452759,,,,
19,11699,,0.008452690206468105,,1.0993789434432983,,5.444853782653809,,0.5540482997894287,,,,
19,11749,,0.008443002589046955,,1.0964117050170898,,5.398704528808594,,0.5556969046592712,,,,
19,11799,,0.00740652484819293,,1.1259709596633911,,5.586381912231445,,0.5665920972824097,,,,
19,11849,,0.008012011647224426,,1.146215796470642,,5.542182922363281,,0.5911963582038879,,,,
19,11899,,0.00784795731306076,,1.1081269979476929,,5.483110427856445,,0.5590312480926514,,,,
19,11949,,0.007955612614750862,,1.141369104385376,,5.520852088928223,,0.5884882211685181,,,,
19,11999,,0.00789698213338852,,1.0980011224746704,,5.481021881103516,,0.5491092801094055,,,,
19,12049,,0.00795037392526865,,1.0943433046340942,,5.43058443069458,,0.5504899024963379,,,,
19,12099,,0.008053003810346127,,1.0555511713027954,,5.338598251342773,,0.5208860635757446,,,,
19,12149,,0.007705945521593094,,1.1095325946807861,,5.428673267364502,,0.5658947229385376,,,,
19,12199,,0.0077301389537751675,,1.1353124380111694,,5.5540771484375,,0.5791316032409668,,,,
19,12219,,,,,,,,,0.007843517698347569,1.125221610069275,5.473541736602783,0.5770830512046814
19,12219,0.007896441034972668,,1.1164990663528442,,5.4832539558410645,,0.5673837661743164,,,,,
20,12249,,0.007902470417320728,,1.1085683107376099,,5.513598442077637,,0.5564181804656982,,,,
20,12299,,0.007781309075653553,,1.100373387336731,,5.457879066467285,,0.5538073182106018,,,,
20,12349,,0.007728295400738716,,1.106075644493103,,5.414797782897949,,0.5638231039047241,,,,
20,12399,,0.007683468982577324,,1.166213870048523,,5.580889701843262,,0.607356607913971,,,,
20,12449,,0.008117717690765858,,1.1005878448486328,,5.482133865356445,,0.5515625476837158,,,,
20,12499,,0.007628946099430323,,1.1189558506011963,,5.460371017456055,,0.5721558332443237,,,,
20,12549,,0.007876090705394745,,1.1409574747085571,,5.582090377807617,,0.5819607377052307,,,,
20,12599,,0.007552559021860361,,1.108274221420288,,5.455522060394287,,0.5619666576385498,,,,
20,12649,,0.007751217111945152,,1.1201233863830566,,5.549761772155762,,0.5643720626831055,,,,
20,12699,,0.008096806704998016,,1.0972027778625488,,5.423954010009766,,0.5539976358413696,,,,
20,12749,,0.007856038399040699,,1.1221458911895752,,5.4699387550354,,0.5743663311004639,,,,
20,12799,,0.007858535274863243,,1.1232637166976929,,5.412225723266602,,0.581255316734314,,,,
20,12830,,,,,,,,,0.008173148147761822,1.1249381303787231,5.466588497161865,0.5774620771408081
20,12830,0.007834307849407196,,1.1161091327667236,,5.48227071762085,,0.5670990943908691,,,,,
21,12849,,0.007722704205662012,,1.1242674589157104,,5.5572509765625,,0.5677701234817505,,,,
21,12899,,0.00798207987099886,,1.0747102499008179,,5.486801624298096,,0.5252318382263184,,,,
21,12949,,0.007784990128129721,,1.1038811206817627,,5.443010330200195,,0.558801531791687,,,,
21,12999,,0.008365735411643982,,1.0931919813156128,,5.422687530517578,,0.5500866174697876,,,,
21,13049,,0.007662026211619377,,1.098847508430481,,5.309256553649902,,0.5671557188034058,,,,
21,13099,,0.007636483293026686,,1.1140954494476318,,5.426980018615723,,0.5706337690353394,,,,
21,13149,,0.007232244126498699,,1.1299723386764526,,5.507742881774902,,0.578474760055542,,,,
21,13199,,0.008111129514873028,,1.1518282890319824,,5.477771759033203,,0.6032400131225586,,,,
21,13249,,0.007369524333626032,,1.0936617851257324,,5.411447525024414,,0.5517800450325012,,,,
21,13299,,0.007877828553318977,,1.1198821067810059,,5.526795387268066,,0.5664148926734924,,,,
21,13349,,0.007797851227223873,,1.1263478994369507,,5.538747787475586,,0.5716934204101562,,,,
21,13399,,0.007572588045150042,,1.1577422618865967,,5.560816287994385,,0.600903332233429,,,,
21,13441,,,,,,,,,0.007729310542345047,1.1247507333755493,5.471532344818115,0.5768247246742249
21,13441,0.0078030237928032875,,1.115746021270752,,5.481563091278076,,0.5668092370033264,,,,,
22,13449,,0.007362161297351122,,1.129976511001587,,5.504159450531006,,0.5788243412971497,,,,
22,13499,,0.007643646560609341,,1.1140438318252563,,5.497697830200195,,0.5635096430778503,,,,
22,13549,,0.007590440567582846,,1.1095038652420044,,5.517393112182617,,0.5570054650306702,,,,
22,13599,,0.007667364552617073,,1.066533088684082,,5.3501667976379395,,0.5307495594024658,,,,
22,13649,,0.007845630869269371,,1.1424258947372437,,5.5115790367126465,,0.590483546257019,,,,
22,13699,,0.007958542555570602,,1.1362712383270264,,5.5085625648498535,,0.5846191644668579,,,,
22,13749,,0.008068500086665154,,1.107849359512329,,5.467050552368164,,0.5603374242782593,,,,
22,13799,,0.007692283950746059,,1.1339021921157837,,5.516364574432373,,0.5814964771270752,,,,
22,13849,,0.008425066247582436,,1.1309417486190796,,5.458802223205566,,0.5842190980911255,,,,
22,13899,,0.007980243302881718,,1.1158263683319092,,5.448091506958008,,0.5702192783355713,,,,
22,13949,,0.008084185421466827,,1.1145358085632324,,5.571186542510986,,0.5566086769104004,,,,
22,13999,,0.007421805057674646,,1.0850999355316162,,5.438800811767578,,0.5404776930809021,,,,
22,14049,,0.00738279614597559,,1.1175130605697632,,5.498183727264404,,0.5669563412666321,,,,
22,14052,,,,,,,,,0.007706052158027887,1.1242177486419678,5.476540565490723,0.5757931470870972
22,14052,0.007810210343450308,,1.11536705493927,,5.480152606964111,,0.5665711760520935,,,,,
23,14099,,0.008021779358386993,,1.0993350744247437,,5.45536994934082,,0.5529959201812744,,,,
23,14149,,0.007713054306805134,,1.0933871269226074,,5.434512138366699,,0.5491646528244019,,,,
23,14199,,0.0077268509194254875,,1.100496768951416,,5.484668731689453,,0.5512571334838867,,,,
23,14249,,0.008045529015362263,,1.099156379699707,,5.340456008911133,,0.5643061995506287,,,,
23,14299,,0.007921055890619755,,1.165543556213379,,5.549135208129883,,0.6098378896713257,,,,
23,14349,,0.007777136750519276,,1.1199606657028198,,5.523367881774902,,0.5668461322784424,,,,
23,14399,,0.007405228912830353,,1.1364344358444214,,5.515911102294922,,0.5841028094291687,,,,
23,14449,,0.007865918800234795,,1.109035611152649,,5.4589409828186035,,0.5623549818992615,,,,
23,14499,,0.008005745708942413,,1.1117897033691406,,5.5267791748046875,,0.5583111047744751,,,,
23,14549,,0.007464105729013681,,1.0925573110580444,,5.447859287261963,,0.5470250844955444,,,,
23,14599,,0.007467769552022219,,1.1346808671951294,,5.558089256286621,,0.5781251788139343,,,,
23,14649,,0.007962355390191078,,1.0856086015701294,,5.462599277496338,,0.5385525226593018,,,,
23,14663,,,,,,,,,0.007713073864579201,1.1244093179702759,5.480891704559326,0.5755486488342285
23,14663,0.007741955108940601,,1.115041732788086,,5.479301929473877,,0.5663376450538635,,,,,
24,14699,,0.00794038362801075,,1.0909937620162964,,5.374218940734863,,0.5527777671813965,,,,
24,14749,,0.007605316583067179,,1.1395089626312256,,5.560458183288574,,0.5827025175094604,,,,
24,14799,,0.007953750900924206,,1.1235322952270508,,5.483320236206055,,0.5744048357009888,,,,
24,14849,,0.007763886358588934,,1.0937293767929077,,5.508439064025879,,0.5421090126037598,,,,
24,14899,,0.007663062773644924,,1.102430820465088,,5.318938255310059,,0.5697707533836365,,,,
24,14949,,0.007832582108676434,,1.1201386451721191,,5.524035930633545,,0.5669518709182739,,,,
24,14999,,0.007855932228267193,,1.1053643226623535,,5.516079902648926,,0.5529707074165344,,,,
24,15049,,0.007882975973188877,,1.1260308027267456,,5.510411262512207,,0.5742013454437256,,,,
24,15099,,0.007820498198270798,,1.0983798503875732,,5.457608222961426,,0.5518370866775513,,,,
24,15149,,0.007719326298683882,,1.112632393836975,,5.459132194519043,,0.5659472942352295,,,,
24,15199,,0.007659692317247391,,1.0819059610366821,,5.423820495605469,,0.5387579202651978,,,,
24,15249,,0.008031917735934258,,1.145169973373413,,5.571380615234375,,0.5872286558151245,,,,
24,15274,,,,,,,,,0.007662354502826929,1.1240521669387817,5.472344875335693,0.5760515332221985
24,15274,0.00778998713940382,,1.1146528720855713,,5.4780731201171875,,0.5660660266876221,,,,,
25,15299,,0.0074712238274514675,,1.1050089597702026,,5.455284118652344,,0.5587335228919983,,,,
25,15349,,0.007446141913533211,,1.1459530591964722,,5.543181896209717,,0.5908902883529663,,,,
25,15399,,0.00760389631614089,,1.1475274562835693,,5.542417526245117,,0.5925252437591553,,,,
25,15449,,0.007643644232302904,,1.1450159549713135,,5.657983303070068,,0.5784531831741333,,,,
25,15499,,0.007737551350146532,,1.1102312803268433,,5.563190937042236,,0.5531384348869324,,,,
25,15549,,0.007775575388222933,,1.1247179508209229,,5.481992721557617,,0.5757410526275635,,,,
25,15599,,0.008198762312531471,,1.1271255016326904,,5.447110176086426,,0.5815945267677307,,,,
25,15649,,0.0077173905447125435,,1.0916197299957275,,5.426599502563477,,0.5481879711151123,,,,
25,15699,,0.007838038727641106,,1.1068166494369507,,5.549767971038818,,0.5510559678077698,,,,
25,15749,,0.00783517211675644,,1.0932670831680298,,5.512458801269531,,0.5412375926971436,,,,
25,15799,,0.00737068522721529,,1.1303364038467407,,5.566152095794678,,0.5729840397834778,,,,
25,15849,,0.007642713375389576,,1.1252471208572388,,5.433406829833984,,0.581142246723175,,,,
25,15885,,,,,,,,,0.00761494692414999,1.124402642250061,5.485469341278076,0.5750942230224609
25,15885,0.007776214275509119,,1.114385724067688,,5.477110862731934,,0.5658968687057495,,,,,
26,15899,,0.007968787103891373,,1.177940011024475,,5.590116500854492,,0.6181315183639526,,,,
26,15949,,0.00772056495770812,,1.1372549533843994,,5.4749040603637695,,0.5889925956726074,,,,
26,15999,,0.008123353123664856,,1.151705026626587,,5.529594898223877,,0.5979331731796265,,,,
26,16049,,0.007791133131831884,,1.1240018606185913,,5.4541168212890625,,0.5778110027313232,,,,
26,16099,,0.00799546018242836,,1.1460109949111938,,5.50333309173584,,0.5948781371116638,,,,
26,16149,,0.00756493816152215,,1.1178936958312988,,5.502923011779785,,0.5668449401855469,,,,
26,16199,,0.008121442049741745,,1.129196286201477,,5.418961524963379,,0.5864880084991455,,,,
26,16249,,0.007923681288957596,,1.098349690437317,,5.3974609375,,0.5578111410140991,,,,
26,16299,,0.00776915717869997,,1.1125413179397583,,5.450457572937012,,0.566718578338623,,,,
26,16349,,0.007824491709470749,,1.141721487045288,,5.489214897155762,,0.592017412185669,,,,
26,16399,,0.007693985011428595,,1.1139628887176514,,5.4843902587890625,,0.5647544860839844,,,,
26,16449,,0.008019602857530117,,1.0998862981796265,,5.410514831542969,,0.5580328702926636,,,,
26,16496,,,,,,,,,0.0077224127016961575,1.1234817504882812,5.474798202514648,0.5752294063568115
26,16496,0.00781591422855854,,1.1141328811645508,,5.477092266082764,,0.5656415224075317,,,,,
27,16499,,0.007925051264464855,,1.0840423107147217,,5.38662052154541,,0.5445877313613892,,,,
27,16549,,0.007662102580070496,,1.1591435670852661,,5.545828819274902,,0.6037944555282593,,,,
27,16599,,0.0078001366928219795,,1.1564793586730957,,5.610619068145752,,0.5946374535560608,,,,
27,16649,,0.008054089732468128,,1.1427006721496582,,5.4943132400512695,,0.592464029788971,,,,
27,16699,,0.008063673041760921,,1.0766656398773193,,5.382650375366211,,0.537594199180603,,,,
27,16749,,0.008226649835705757,,1.1626530885696411,,5.634844779968262,,0.5983458757400513,,,,
27,16799,,0.008186151273548603,,1.0935969352722168,,5.381255149841309,,0.5546528100967407,,,,
27,16849,,0.00776534341275692,,1.1281816959381104,,5.501287460327148,,0.577276349067688,,,,
27,16899,,0.008067302405834198,,1.1443874835968018,,5.529852867126465,,0.5905954837799072,,,,
27,16949,,0.007809698116034269,,1.0815068483352661,,5.457572937011719,,0.5349686145782471,,,,
27,16999,,0.008037940599024296,,1.1137152910232544,,5.479047775268555,,0.5650067329406738,,,,
27,17049,,0.007381655741482973,,1.1248972415924072,,5.566849708557129,,0.5674741268157959,,,,
27,17099,,0.007842199876904488,,1.1209701299667358,,5.499275207519531,,0.570258378982544,,,,
27,17107,,,,,,,,,0.007760827895253897,1.123510718345642,5.475457668304443,0.575188934803009
27,17107,0.00777036976069212,,1.1138428449630737,,5.476017951965332,,0.5654641389846802,,,,,
28,17149,,0.007806537207216024,,1.1125876903533936,,5.452023506164551,,0.5666046142578125,,,,
28,17199,,0.007381485775113106,,1.1318663358688354,,5.501267910003662,,0.5810014009475708,,,,
28,17249,,0.007874949835240841,,1.0910286903381348,,5.458248138427734,,0.5444163084030151,,,,
28,17299,,0.00782604981213808,,1.1283408403396606,,5.481226921081543,,0.5794354677200317,,,,
28,17349,,0.007753279525786638,,1.104369878768921,,5.513040542602539,,0.5522904396057129,,,,
28,17399,,0.007375873625278473,,1.1050547361373901,,5.435464859008789,,0.5607707500457764,,,,
28,17449,,0.008039039559662342,,1.0887666940689087,,5.408631324768066,,0.5470995903015137,,,,
28,17499,,0.007799054961651564,,1.133298635482788,,5.517134666442871,,0.5808053016662598,,,,
28,17549,,0.008008893579244614,,1.1339831352233887,,5.5368523597717285,,0.5794969797134399,,,,
28,17599,,0.007614771369844675,,1.1012195348739624,,5.489048004150391,,0.5515531897544861,,,,
28,17649,,0.00777578167617321,,1.1243046522140503,,5.542357921600342,,0.5692911744117737,,,,
28,17699,,0.00820505153387785,,1.129480242729187,,5.523472785949707,,0.5763123631477356,,,,
28,17718,,,,,,,,,0.007634904235601425,1.1234406232833862,5.484933853149414,0.5741839408874512
28,17718,0.007808494847267866,,1.1135722398757935,,5.475342750549316,,0.5652576684951782,,,,,
29,17749,,0.007409714162349701,,1.1448497772216797,,5.581164360046387,,0.5859923958778381,,,,
29,17799,,0.007905258797109127,,1.0863275527954102,,5.374756813049316,,0.5480613708496094,,,,
29,17849,,0.007867159321904182,,1.119163155555725,,5.50575065612793,,0.5678014159202576,,,,
29,17899,,0.007817910984158516,,1.0733084678649902,,5.370441436767578,,0.5354824662208557,,,,
29,17949,,0.007512489799410105,,1.0956140756607056,,5.426239967346191,,0.5522388219833374,,,,
29,17999,,0.007625707890838385,,1.1010056734085083,,5.447786331176758,,0.555464506149292,,,,
29,18049,,0.007746072020381689,,1.1019662618637085,,5.462274551391602,,0.5549641847610474,,,,
29,18099,,0.00773101719096303,,1.0822136402130127,,5.430489540100098,,0.5383915901184082,,,,
29,18149,,0.0077268220484256744,,1.1123625040054321,,5.490548610687256,,0.5625349283218384,,,,
29,18199,,0.007997166365385056,,1.1290682554244995,,5.485398292541504,,0.5797286033630371,,,,
29,18249,,0.007562026847153902,,1.147424578666687,,5.637840270996094,,0.5828843116760254,,,,
29,18299,,0.007760799489915371,,1.117891788482666,,5.472099304199219,,0.5699057579040527,,,,
29,18329,,,,,,,,,0.00807167962193489,1.1233540773391724,5.448751449584961,0.5776721239089966
29,18329,0.0077720461413264275,,1.1132737398147583,,5.4745612144470215,,0.5650404095649719,,,,,
30,18349,,0.007896816357970238,,1.120212197303772,,5.412815093994141,,0.5781410336494446,,,,
30,18399,,0.007959423586726189,,1.1370223760604858,,5.467162609100342,,0.5895100831985474,,,,
30,18449,,0.007919201627373695,,1.1434906721115112,,5.593978404998779,,0.5833009481430054,,,,
30,18499,,0.0077181351371109486,,1.0940403938293457,,5.442444801330566,,0.5490241646766663,,,,
30,18549,,0.007895219139754772,,1.1146827936172485,,5.446809768676758,,0.5692121982574463,,,,
30,18599,,0.007784220390021801,,1.1016359329223633,,5.429712295532227,,0.5578863024711609,,,,
30,18649,,0.008010555990040302,,1.1280763149261475,,5.484063148498535,,0.5788688659667969,,,,
30,18699,,0.007580374833196402,,1.0813287496566772,,5.463126182556152,,0.5342581272125244,,,,
30,18749,,0.00735758151859045,,1.0876868963241577,,5.475219249725342,,0.5394291877746582,,,,
30,18799,,0.008183206431567669,,1.1036580801010132,,5.460562229156494,,0.5567834377288818,,,,
30,18849,,0.007930359803140163,,1.1064403057098389,,5.444879055023193,,0.5611594915390015,,,,
30,18899,,0.00790948886424303,,1.062866449356079,,5.42888069152832,,0.5191873908042908,,,,
30,18940,,,,,,,,,0.00777221005409956,1.12339186668396,5.470850467681885,0.5755290389060974
30,18940,0.007797321770340204,,1.1130229234695435,,5.4735331535339355,,0.5648896098136902,,,,,
31,18949,,0.007840226404368877,,1.1131675243377686,,5.441761016845703,,0.5682073831558228,,,,
31,18999,,0.007572363596409559,,1.1243178844451904,,5.487850189208984,,0.5747756958007812,,,,
31,19049,,0.007931572385132313,,1.1069575548171997,,5.346834182739258,,0.5714811086654663,,,,
31,19099,,0.007826362736523151,,1.1096707582473755,,5.44781494140625,,0.5641065835952759,,,,
31,19149,,0.007877198979258537,,1.1254513263702393,,5.498174667358398,,0.5748461484909058,,,,
31,19199,,0.007702639792114496,,1.0931519269943237,,5.410822868347168,,0.5512993931770325,,,,
31,19249,,0.008021341636776924,,1.0754953622817993,,5.351122856140137,,0.5395808219909668,,,,
31,19299,,0.007984991185367107,,1.130131721496582,,5.531336784362793,,0.5761996507644653,,,,
31,19349,,0.007777268998324871,,1.1249675750732422,,5.523497581481934,,0.5718401074409485,,,,
31,19399,,0.007521358318626881,,1.0909607410430908,,5.409886837005615,,0.5492199659347534,,,,
31,19449,,0.00740045728161931,,1.0824174880981445,,5.395434379577637,,0.5421340465545654,,,,
31,19499,,0.0074415081180632114,,1.1087019443511963,,5.54118537902832,,0.5538393259048462,,,,
31,19549,,0.007875592447817326,,1.1265524625778198,,5.520699501037598,,0.5736949443817139,,,,
31,19551,,,,,,,,,0.007853078655898571,1.1229902505874634,5.461673736572266,0.5760374665260315
31,19551,0.007797988131642342,,1.1127369403839111,,5.4727067947387695,,0.5646865367889404,,,,,
32,19599,,0.008069409988820553,,1.135449767112732,,5.5318498611450195,,0.5814578533172607,,,,
32,19649,,0.007588370703160763,,1.122713327407837,,5.440723419189453,,0.5778821110725403,,,,
32,19699,,0.007792877499014139,,1.081173062324524,,5.269196510314941,,0.5534741878509521,,,,
32,19749,,0.007686463184654713,,1.0967302322387695,,5.386533737182617,,0.5573081970214844,,,,
32,19799,,0.007318088784813881,,1.0982369184494019,,5.493612766265869,,0.5481438040733337,,,,
32,19849,,0.007800597697496414,,1.116276502609253,,5.517759323120117,,0.5637204647064209,,,,
32,19899,,0.007805283181369305,,1.0654945373535156,,5.303050518035889,,0.5344089269638062,,,,
32,19949,,0.007831676863133907,,1.082890510559082,,5.447608470916748,,0.537346363067627,,,,
32,19999,,0.008580636233091354,,1.1371879577636719,,5.463160514831543,,0.5900138020515442,,,,
32,20049,,0.007934989407658577,,1.1258490085601807,,5.518370628356934,,0.5732184052467346,,,,
32,20099,,0.007460343651473522,,1.1260008811950684,,5.5652570724487305,,0.5687291622161865,,,,
32,20149,,0.00761752761900425,,1.1282908916473389,,5.4941725730896,,0.5781119465827942,,,,
32,20162,,,,,,,,,0.007699254434555769,1.122496485710144,5.470787048339844,0.5746477246284485
32,20162,0.007821813225746155,,1.1125314235687256,,5.472005844116211,,0.5645492076873779,,,,,
33,20199,,0.007857456803321838,,1.098260521888733,,5.474654197692871,,0.5500093698501587,,,,
33,20249,,0.0077993073500692844,,1.1067802906036377,,5.478837013244629,,0.558116614818573,,,,
33,20299,,0.008265216834843159,,1.111559271812439,,5.488851547241211,,0.5618476271629333,,,,
33,20349,,0.007982803508639336,,1.1293911933898926,,5.528387069702148,,0.5757542848587036,,,,
33,20399,,0.00799250416457653,,1.0987085103988647,,5.343035697937012,,0.5636056661605835,,,,
33,20449,,0.007587260100990534,,1.109755039215088,,5.489864349365234,,0.5600098371505737,,,,
33,20499,,0.007835805416107178,,1.1014426946640015,,5.412352561950684,,0.5594239234924316,,,,
33,20549,,0.007950814440846443,,1.1285443305969238,,5.507938385009766,,0.5769553184509277,,,,
33,20599,,0.0075867208652198315,,1.0929442644119263,,5.396913528442383,,0.5524942278862,,,,
33,20649,,0.007672736421227455,,1.1333093643188477,,5.473488807678223,,0.5851932168006897,,,,
33,20699,,0.007734742946922779,,1.0786898136138916,,5.507945537567139,,0.527121901512146,,,,
33,20749,,0.008155938237905502,,1.1231255531311035,,5.4725446701049805,,0.5750553607940674,,,,
33,20773,,,,,,,,,0.007868962362408638,1.1228816509246826,5.4629807472229,0.5757966637611389
33,20773,0.00782976858317852,,1.1122030019760132,,5.471785068511963,,0.5642414093017578,,,,,
34,20799,,0.007641837932169437,,1.1214287281036377,,5.510404586791992,,0.5696241855621338,,,,
34,20849,,0.007617753930389881,,1.1471076011657715,,5.482316017150879,,0.5981141924858093,,,,
34,20899,,0.007790965028107166,,1.1192554235458374,,5.488785743713379,,0.5695976614952087,,,,
34,20949,,0.007819314487278461,,1.137242317199707,,5.551813125610352,,0.5812790989875793,,,,
34,20999,,0.007922283373773098,,1.106661081314087,,5.422893524169922,,0.5635794997215271,,,,
34,21049,,0.008041132241487503,,1.1333600282669067,,5.661746978759766,,0.5663813352584839,,,,
34,21099,,0.008145433850586414,,1.1066646575927734,,5.348946571350098,,0.5709554553031921,,,,
34,21149,,0.007618340663611889,,1.085128903388977,,5.418326377868652,,0.542534351348877,,,,
34,21199,,0.007478340063244104,,1.1508444547653198,,5.621092796325684,,0.5879873633384705,,,,
34,21249,,0.008105993270874023,,1.1006479263305664,,5.449522972106934,,0.5548849701881409,,,,
34,21299,,0.008083139546215534,,1.1282960176467896,,5.542068958282471,,0.5732808113098145,,,,
34,21349,,0.007777100894600153,,1.1083180904388428,,5.449670314788818,,0.5625733137130737,,,,
34,21384,,,,,,,,,0.00782457273453474,1.1226353645324707,5.473789691925049,0.5744739770889282
34,21384,0.007860299199819565,,1.1119425296783447,,5.4704670906066895,,0.5641103386878967,,,,,
35,21399,,0.007943048141896725,,1.1245447397232056,,5.445118427276611,,0.5792385339736938,,,,
35,21449,,0.007971219718456268,,1.0926271677017212,,5.306078910827637,,0.5612221956253052,,,,
35,21499,,0.007700953632593155,,1.0963807106018066,,5.4879350662231445,,0.5468171834945679,,,,
35,21549,,0.007775844540446997,,1.1104663610458374,,5.504602432250977,,0.5592284202575684,,,,
35,21599,,0.00806537177413702,,1.1343517303466797,,5.501970291137695,,0.5833481550216675,,,,
35,21649,,0.007559700403362513,,1.0976145267486572,,5.483285903930664,,0.5485299825668335,,,,
35,21699,,0.0075939372181892395,,1.1089682579040527,,5.420098304748535,,0.5661990642547607,,,,
35,21749,,0.007965764962136745,,1.1521992683410645,,5.508033752441406,,0.6005994081497192,,,,
35,21799,,0.007816925644874573,,1.0691195726394653,,5.371951103210449,,0.5311427712440491,,,,
35,21849,,0.007852423936128616,,1.104939341545105,,5.418587684631348,,0.5622953772544861,,,,
35,21899,,0.007518940605223179,,1.1059401035308838,,5.474086761474609,,0.5577795505523682,,,,
35,21949,,0.008178584277629852,,1.129010796546936,,5.500514507293701,,0.5781413912773132,,,,
35,21995,,,,,,,,,0.007948203943669796,1.1223704814910889,5.462830543518066,0.5752923488616943
35,21995,0.00789456907659769,,1.1117552518844604,,5.470715045928955,,0.563894510269165,,,,,
36,21999,,0.008686542510986328,,1.1476221084594727,,5.49613094329834,,0.5971403121948242,,,,
36,22049,,0.007463506888598204,,1.1427828073501587,,5.534876823425293,,0.5885487794876099,,,,
36,22099,,0.007880555465817451,,1.121580958366394,,5.498577117919922,,0.5709351301193237,,,,
36,22149,,0.007768746465444565,,1.0551611185073853,,5.212822437286377,,0.5331019163131714,,,,
36,22199,,0.007983795367181301,,1.10720956325531,,5.39430570602417,,0.5669807195663452,,,,
36,22249,,0.008288944140076637,,1.1047354936599731,,5.43946647644043,,0.5599600076675415,,,,
36,22299,,0.008012507110834122,,1.1313426494598389,,5.5760698318481445,,0.5729344487190247,,,,
36,22349,,0.008468735963106155,,1.130660057067871,,5.5262298583984375,,0.5771901607513428,,,,
36,22399,,0.00757322134450078,,1.1369999647140503,,5.568947792053223,,0.5793478488922119,,,,
36,22449,,0.007833428680896759,,1.0932139158248901,,5.472695350646973,,0.5451611280441284,,,,
36,22499,,0.007759824860841036,,1.084445595741272,,5.359070301055908,,0.5477626323699951,,,,
36,22549,,0.007512257434427738,,1.0880258083343506,,5.473944664001465,,0.5398800373077393,,,,
36,22599,,0.008143004961311817,,1.1097006797790527,,5.3633131980896,,0.5725550055503845,,,,
36,22606,,,,,,,,,0.00810451339930296,1.1224706172943115,5.461236953735352,0.5755362510681152
36,22606,0.007911418564617634,,1.1115056276321411,,5.469132900238037,,0.5638009309768677,,,,,
37,22649,,0.007568536326289177,,1.0755079984664917,,5.391537189483643,,0.5355974435806274,,,,
37,22699,,0.008126329630613327,,1.13681161403656,,5.514921188354492,,0.5845068693161011,,,,
37,22749,,0.008043319918215275,,1.078748106956482,,5.508657932281494,,0.5270780324935913,,,,
37,22799,,0.007616195362061262,,1.1473692655563354,,5.5173797607421875,,0.5948697328567505,,,,
37,22849,,0.00761890783905983,,1.152290940284729,,5.492968559265137,,0.6022322177886963,,,,
37,22899,,0.007850692607462406,,1.1326395273208618,,5.4316253662109375,,0.5886918902397156,,,,
37,22949,,0.008275930769741535,,1.1451447010040283,,5.458960056304932,,0.5984212160110474,,,,
37,22999,,0.008190211839973927,,1.1228426694869995,,5.548056602478027,,0.567218005657196,,,,
37,23049,,0.008037367835640907,,1.1295642852783203,,5.525118350982666,,0.5762487649917603,,,,
37,23099,,0.007540836930274963,,1.0585899353027344,,5.3458991050720215,,0.5232458114624023,,,,
37,23149,,0.007903622463345528,,1.0919971466064453,,5.459744453430176,,0.5452322959899902,,,,
37,23199,,0.00804948341101408,,1.0663254261016846,,5.331313133239746,,0.5323891639709473,,,,
37,23217,,,,,,,,,0.007951034232974052,1.1227803230285645,5.454073429107666,0.5765780210494995
37,23217,0.007918275892734528,,1.1112829446792603,,5.469463348388672,,0.5635451078414917,,,,,
38,23249,,0.007914462126791477,,1.114819884300232,,5.526103973388672,,0.5614180564880371,,,,
38,23299,,0.007823743857443333,,1.0899648666381836,,5.4102396965026855,,0.5481585264205933,,,,
38,23349,,0.0077008455991744995,,1.132573127746582,,5.578503608703613,,0.5739526748657227,,,,
38,23399,,0.00810502003878355,,1.1381663084030151,,5.509346961975098,,0.5864211320877075,,,,
38,23449,,0.007847094908356667,,1.106623649597168,,5.468745231628418,,0.5589643716812134,,,,
38,23499,,0.00738152302801609,,1.1547558307647705,,5.5638885498046875,,0.5976287722587585,,,,
38,23549,,0.008079983294010162,,1.1266710758209229,,5.476369857788086,,0.5782260894775391,,,,
38,23599,,0.00828716903924942,,1.109813928604126,,5.469950199127197,,0.5619901418685913,,,,
38,23649,,0.007575269788503647,,1.0729824304580688,,5.444771766662598,,0.5277477502822876,,,,
38,23699,,0.007741965353488922,,1.1182422637939453,,5.515973091125488,,0.5658708810806274,,,,
38,23749,,0.007851751521229744,,1.1069397926330566,,5.501559257507324,,0.5559986233711243,,,,
38,23799,,0.00815359316766262,,1.089137077331543,,5.371919631958008,,0.5511296987533569,,,,
38,23828,,,,,,,,,0.007881845347583294,1.1224637031555176,5.474172592163086,0.5742583274841309
38,23828,0.007944188080728054,,1.1109848022460938,,5.468254089355469,,0.563363790512085,,,,,
39,23849,,0.007708139717578888,,1.0943700075149536,,5.474639892578125,,0.5461351871490479,,,,
39,23899,,0.007969341240823269,,1.0990461111068726,,5.52805757522583,,0.5454434752464294,,,,
39,23949,,0.008071220479905605,,1.0879219770431519,,5.431822776794434,,0.5439324378967285,,,,
39,23999,,0.007729555480182171,,1.1460338830947876,,5.568567752838135,,0.58840411901474,,,,
39,24049,,0.007870281115174294,,1.0878374576568604,,5.405198574066162,,0.546530544757843,,,,
39,24099,,0.008008746430277824,,1.094515323638916,,5.392884254455566,,0.5544260144233704,,,,
39,24149,,0.007681694813072681,,1.0547409057617188,,5.353277206420898,,0.5186450481414795,,,,
39,24199,,0.007603027857840061,,1.0941975116729736,,5.551146030426025,,0.5383226275444031,,,,
39,24249,,0.008083038032054901,,1.1182087659835815,,5.478004455566406,,0.5695998668670654,,,,
39,24299,,0.008070745505392551,,1.0846648216247559,,5.544756889343262,,0.5293819904327393,,,,
39,24349,,0.007811430841684341,,1.1126505136489868,,5.4720869064331055,,0.5646605491638184,,,,
39,24399,,0.007850955240428448,,1.1206562519073486,,5.5836944580078125,,0.561501681804657,,,,
39,24439,,,,,,,,,0.008006278425455093,1.1221177577972412,5.466480731964111,0.5746692419052124
39,24439,0.007990552112460136,,1.110756516456604,,5.4676947593688965,,0.5631871223449707,,,,,
40,24449,,0.007777704857289791,,1.1483078002929688,,5.576742172241211,,0.5898557901382446,,,,
40,24499,,0.007836463861167431,,1.1354377269744873,,5.531424045562744,,0.5815116167068481,,,,
40,24549,,0.008243524469435215,,1.0782891511917114,,5.2936553955078125,,0.5480992197990417,,,,
40,24599,,0.007922515273094177,,1.1483385562896729,,5.53626823425293,,0.5939195156097412,,,,
40,24649,,0.007615202106535435,,1.1133995056152344,,5.531126976013184,,0.5595252513885498,,,,
40,24699,,0.008659652434289455,,1.0951558351516724,,5.472424030303955,,0.54704749584198,,,,
40,24749,,0.007620756048709154,,1.1263571977615356,,5.585114479064941,,0.5670835971832275,,,,
40,24799,,0.007974212057888508,,1.1058412790298462,,5.4401750564575195,,0.5610263347625732,,,,
40,24849,,0.007775458041578531,,1.052059531211853,,5.354881286621094,,0.5157937407493591,,,,
40,24899,,0.00805105920881033,,1.0976781845092773,,5.497521877288818,,0.5471209287643433,,,,
40,24949,,0.007895883172750473,,1.1039073467254639,,5.435108184814453,,0.5596068501472473,,,,
40,24999,,0.008387312293052673,,1.1367605924606323,,5.488788604736328,,0.5870429873466492,,,,
40,25049,,0.008445694111287594,,1.0581694841384888,,5.303552627563477,,0.5269695520401001,,,,
40,25050,,,,,,,,,0.00815628096461296,1.122619867324829,5.434137344360352,0.5783907771110535
40,25050,0.008004296571016312,,1.1105599403381348,,5.467471122741699,,0.5630123615264893,,,,,
41,25099,,0.007811721879988909,,1.161206603050232,,5.598105430603027,,0.6006149053573608,,,,
41,25149,,0.008050101809203625,,1.1091315746307373,,5.46428108215332,,0.561898410320282,,,,
41,25199,,0.00782812014222145,,1.1131983995437622,,5.501254081726074,,0.5622901916503906,,,,
41,25249,,0.008025513030588627,,1.0925631523132324,,5.4936933517456055,,0.542391300201416,,,,
41,25299,,0.007484521716833115,,1.0975844860076904,,5.446529388427734,,0.552183210849762,,,,
41,25349,,0.0077649811282753944,,1.1079635620117188,,5.530800819396973,,0.5541069507598877,,,,
41,25399,,0.008199312724173069,,1.0814634561538696,,5.418486595153809,,0.5387948751449585,,,,
41,25449,,0.008310188539326191,,1.1305774450302124,,5.521257400512695,,0.5776206254959106,,,,
41,25499,,0.007379623595625162,,1.1066453456878662,,5.522543430328369,,0.5536531209945679,,,,
41,25549,,0.007460175547748804,,1.081716537475586,,5.351337432861328,,0.5458368062973022,,,,
41,25599,,0.008190449327230453,,1.1346648931503296,,5.502639293670654,,0.583581805229187,,,,
41,25649,,0.008141118101775646,,1.1177257299423218,,5.355478763580322,,0.5813637375831604,,,,
41,25661,,,,,,,,,0.007760371081531048,1.1224311590194702,5.486804485321045,0.5729745030403137
41,25661,0.00799170508980751,,1.1104506254196167,,5.467276573181152,,0.5629234910011292,,,,,
42,25699,,0.008174837566912174,,1.0911693572998047,,5.337831974029541,,0.5565685629844666,,,,
42,25749,,0.007849817164242268,,1.1266731023788452,,5.555685997009277,,0.5703194737434387,,,,
42,25799,,0.007937438786029816,,1.1000967025756836,,5.4238972663879395,,0.5569133162498474,,,,
42,25849,,0.008148619905114174,,1.1494860649108887,,5.565616607666016,,0.5921095609664917,,,,
42,25899,,0.007847227156162262,,1.1301348209381104,,5.529580116271973,,0.5763920545578003,,,,
42,25949,,0.008223144337534904,,1.131812334060669,,5.544105529785156,,0.5765794515609741,,,,
42,25999,,0.008253907784819603,,1.0927362442016602,,5.429200649261475,,0.5489908456802368,,,,
42,26049,,0.008292915299534798,,1.1185163259506226,,5.400491714477539,,0.5776378512382507,,,,
42,26099,,0.008166461251676083,,1.1349812746047974,,5.631152153015137,,0.5710493326187134,,,,
42,26149,,0.007869437336921692,,1.0728639364242554,,5.332468509674072,,0.5388302206993103,,,,
42,26199,,0.008019025437533855,,1.11964750289917,,5.466525554656982,,0.5721930265426636,,,,
42,26249,,0.008016705513000488,,1.1416531801223755,,5.655614376068115,,0.5752900242805481,,,,
42,26272,,,,,,,,,0.008021910674870014,1.1220464706420898,5.480287075042725,0.5732156038284302
42,26272,0.008034398779273033,,1.1101973056793213,,5.466821670532227,,0.5627114772796631,,,,,
43,26299,,0.008025514893233776,,1.0926039218902588,,5.411351203918457,,0.5506662726402283,,,,
43,26349,,0.007715731859207153,,1.0854966640472412,,5.499612808227539,,0.5347638130187988,,,,
43,26399,,0.007908712141215801,,1.0946547985076904,,5.356091499328613,,0.5582548379898071,,,,
43,26449,,0.00813209917396307,,1.1001250743865967,,5.434757232666016,,0.5558360815048218,,,,
43,26499,,0.007928830571472645,,1.0865477323532104,,5.475038528442383,,0.5382510423660278,,,,
43,26549,,0.007961545139551163,,1.0824209451675415,,5.380552768707275,,0.5435694456100464,,,,
43,26599,,0.007825304754078388,,1.1079318523406982,,5.595196723937988,,0.547629714012146,,,,
43,26649,,0.00790469627827406,,1.1354999542236328,,5.555595874786377,,0.5791499018669128,,,,
43,26699,,0.008399860002100468,,1.0760109424591064,,5.3564348220825195,,0.539527416229248,,,,
43,26749,,0.0081841005012393,,1.124656081199646,,5.485927581787109,,0.5752450227737427,,,,
43,26799,,0.008261729963123798,,1.0999515056610107,,5.440876007080078,,0.5550378561019897,,,,
43,26849,,0.007863491773605347,,1.12387216091156,,5.516965389251709,,0.5713893175125122,,,,
43,26883,,,,,,,,,0.008012817241251469,1.121577262878418,5.469697952270508,0.5738056302070618
43,26883,0.008057121187448502,,1.1098692417144775,,5.465688705444336,,0.5624948740005493,,,,,
44,26899,,0.008100873790681362,,1.1016931533813477,,5.410144805908203,,0.5598684549331665,,,,
44,26949,,0.008411114104092121,,1.1453088521957397,,5.602174758911133,,0.5842502117156982,,,,
44,26999,,0.008120208978652954,,1.0735501050949097,,5.31063175201416,,0.5416748523712158,,,,
44,27049,,0.008296424522995949,,1.099006175994873,,5.423202037811279,,0.5558563470840454,,,,
44,27099,,0.00817179586738348,,1.1379401683807373,,5.5515456199646,,0.5819684267044067,,,,
44,27149,,0.007862182334065437,,1.1067341566085815,,5.389052867889404,,0.5670427083969116,,,,
44,27199,,0.008448867127299309,,1.1171112060546875,,5.371130466461182,,0.579153299331665,,,,
44,27249,,0.008518851362168789,,1.0911800861358643,,5.3777852058410645,,0.5525497198104858,,,,
44,27299,,0.008380649611353874,,1.130077838897705,,5.444118022918701,,0.5848278999328613,,,,
44,27349,,0.007629754487425089,,1.1305108070373535,,5.537249565124512,,0.5760229825973511,,,,
44,27399,,0.007703530136495829,,1.1000888347625732,,5.418115615844727,,0.5575069189071655,,,,
44,27449,,0.007832971401512623,,1.1581941843032837,,5.611945152282715,,0.5962163805961609,,,,
44,27494,,,,,,,,,0.007953332737088203,1.1218827962875366,5.476583957672119,0.5734291672706604
44,27494,0.008131474256515503,,1.1096867322921753,,5.46535587310791,,0.5623377561569214,,,,,
45,27499,,0.008016513660550117,,1.1059356927871704,,5.440804481506348,,0.5610535144805908,,,,
45,27549,,0.008070612326264381,,1.0982716083526611,,5.427776336669922,,0.5546869039535522,,,,
45,27599,,0.007401295471936464,,1.095337152481079,,5.4947075843811035,,0.54512619972229,,,,
45,27649,,0.008075605146586895,,1.0935628414154053,,5.419296741485596,,0.5508256554603577,,,,
45,27699,,0.007791171781718731,,1.1113767623901367,,5.483072280883789,,0.562290370464325,,,,
45,27749,,0.008032024838030338,,1.1238164901733398,,5.489670276641846,,0.57404625415802,,,,
45,27799,,0.008015644736588001,,1.120624303817749,,5.451805114746094,,0.5746423006057739,,,,
45,27849,,0.007871409878134727,,1.1050299406051636,,5.543307304382324,,0.5499120950698853,,,,
45,27899,,0.00829995609819889,,1.1238425970077515,,5.45108699798584,,0.5779038667678833,,,,
45,27949,,0.008208134211599827,,1.1240524053573608,,5.4203081130981445,,0.5812008380889893,,,,
45,27999,,0.008304940536618233,,1.1288121938705444,,5.448235511779785,,0.583158016204834,,,,
45,28049,,0.008421486243605614,,1.156954050064087,,5.590789794921875,,0.597032904624939,,,,
45,28099,,0.008500076830387115,,1.0800158977508545,,5.384147644042969,,0.5407512187957764,,,,
45,28105,,,,,,,,,0.008368538692593575,1.1217195987701416,5.455757141113281,0.5753071308135986
45,28105,0.008135625161230564,,1.1094928979873657,,5.465356349945068,,0.5621439814567566,,,,,
46,28149,,0.007952704094350338,,1.127650499343872,,5.492393970489502,,0.5776158571243286,,,,
46,28199,,0.008369078859686852,,1.1245381832122803,,5.4852294921875,,0.575178325176239,,,,
46,28249,,0.00780124356970191,,1.1334409713745117,,5.538431167602539,,0.5788177251815796,,,,
46,28299,,0.008093324489891529,,1.1098525524139404,,5.452192306518555,,0.5638239979743958,,,,
46,28349,,0.008080142550170422,,1.115522027015686,,5.411494731903076,,0.5735645294189453,,,,
46,28399,,0.007828613743185997,,1.0634585618972778,,5.345543384552002,,0.528121292591095,,,,
46,28449,,0.008317393250763416,,1.0878554582595825,,5.268762588500977,,0.5601474642753601,,,,
46,28499,,0.008368288166821003,,1.0934983491897583,,5.396014213562012,,0.5530600547790527,,,,
46,28549,,0.007658757735043764,,1.1309099197387695,,5.547464370727539,,0.5753975510597229,,,,
46,28599,,0.007872960530221462,,1.109250545501709,,5.436853885650635,,0.5647779703140259,,,,
46,28649,,0.008442552760243416,,1.0736535787582397,,5.360171318054199,,0.5367922186851501,,,,
46,28699,,0.007653879467397928,,1.0788503885269165,,5.383958339691162,,0.5396891832351685,,,,
46,28716,,,,,,,,,0.008267038501799107,1.121778130531311,5.478688716888428,0.5730823874473572
46,28716,0.00817119050770998,,1.1093013286590576,,5.4642133712768555,,0.5620620250701904,,,,,
47,28749,,0.008297874592244625,,1.1166967153549194,,5.520052433013916,,0.5638616681098938,,,,
47,28799,,0.00788844283670187,,1.0898398160934448,,5.3722405433654785,,0.5518269538879395,,,,
47,28849,,0.0082554267719388,,1.0560880899429321,,5.313197612762451,,0.5239427089691162,,,,
47,28899,,0.008018279448151588,,1.1069464683532715,,5.450754165649414,,0.5610692501068115,,,,
47,28949,,0.008404516614973545,,1.0757479667663574,,5.414030075073242,,0.5335044860839844,,,,
47,28999,,0.008036470972001553,,1.073682188987732,,5.44858455657959,,0.5280201435089111,,,,
47,29049,,0.008777986280620098,,1.1040198802947998,,5.408638000488281,,0.5622782111167908,,,,
47,29099,,0.008054847829043865,,1.1295024156570435,,5.457326889038086,,0.5829641819000244,,,,
47,29149,,0.008215268142521381,,1.1228748559951782,,5.52294397354126,,0.5697588920593262,,,,
47,29199,,0.00826666783541441,,1.060520052909851,,5.329082489013672,,0.5267850160598755,,,,
47,29249,,0.008227410726249218,,1.1110235452651978,,5.508326053619385,,0.5593681335449219,,,,
47,29299,,0.008407962508499622,,1.1262948513031006,,5.478777885437012,,0.5775762796401978,,,,
47,29327,,,,,,,,,0.00825005117803812,1.121396541595459,5.470389366149902,0.5735325217247009
47,29327,0.00819640513509512,,1.1090753078460693,,5.4646992683410645,,0.5617853403091431,,,,,
48,29349,,0.008027387782931328,,1.0993188619613647,,5.518346786499023,,0.5466814041137695,,,,
48,29399,,0.00782063975930214,,1.0702252388000488,,5.392526626586914,,0.5301904678344727,,,,
48,29449,,0.00862616766244173,,1.0614655017852783,,5.275389671325684,,0.5330640077590942,,,,
48,29499,,0.00872531533241272,,1.109622836112976,,5.401633262634277,,0.5685869455337524,,,,
48,29549,,0.0080655412748456,,1.1273181438446045,,5.478395462036133,,0.5786720514297485,,,,
48,29599,,0.008110926486551762,,1.1073939800262451,,5.443668365478516,,0.56221604347229,,,,
48,29649,,0.008645287714898586,,1.1300230026245117,,5.473143577575684,,0.5818442106246948,,,,
48,29699,,0.008514133282005787,,1.1011821031570435,,5.535992622375488,,0.5467314124107361,,,,
48,29749,,0.008303984999656677,,1.095650553703308,,5.472550868988037,,0.5475650429725647,,,,
48,29799,,0.008257045410573483,,1.1101373434066772,,5.5276408195495605,,0.5565475225448608,,,,
48,29849,,0.008082320913672447,,1.1380336284637451,,5.463491439819336,,0.5908761620521545,,,,
48,29899,,0.007714873179793358,,1.1129028797149658,,5.4931440353393555,,0.5628169775009155,,,,
48,29938,,,,,,,,,0.008311127312481403,1.1217633485794067,5.4615349769592285,0.5747787952423096
48,29938,0.008244001306593418,,1.1088227033615112,,5.463835716247559,,0.5616145133972168,,,,,
49,29949,,0.008493921719491482,,1.1194705963134766,,5.400242805480957,,0.5785969495773315,,,,
49,29999,,0.008218319155275822,,1.1407088041305542,,5.504622459411621,,0.589424729347229,,,,
49,30049,,0.00839126855134964,,1.101955771446228,,5.50823974609375,,0.5502926111221313,,,,
49,30099,,0.008311484009027481,,1.1022400856018066,,5.402949810028076,,0.5611140131950378,,,,
49,30149,,0.00873324554413557,,1.1235501766204834,,5.48243522644043,,0.5744332671165466,,,,
49,30199,,0.008352278731763363,,1.096853494644165,,5.526294708251953,,0.543388843536377,,,,
49,30249,,0.008135803043842316,,1.0722674131393433,,5.464178562164307,,0.5250358581542969,,,,
49,30299,,0.008605185896158218,,1.1202396154403687,,5.505505561828613,,0.5688285231590271,,,,
49,30349,,0.008199959062039852,,1.1477426290512085,,5.659379005432129,,0.5809845924377441,,,,
49,30399,,0.00845357496291399,,1.133534550666809,,5.560430526733398,,0.5766461491584778,,,,
49,30449,,0.007689750287681818,,1.1243383884429932,,5.466861724853516,,0.5768831968307495,,,,
49,30499,,0.008100645616650581,,1.1092479228973389,,5.509057998657227,,0.5575320720672607,,,,
49,30549,,0.006467693019658327,,1.1287697553634644,,5.7492523193359375,,0.5531978607177734,,,,
49,30549,,,,,,,,,0.007976416498422623,1.1214581727981567,5.483463287353516,0.5723143219947815
49,30549,0.008265841752290726,,1.108643651008606,,5.463266372680664,,0.5614907741546631,,,,,
