epoch,step,train/alpha_mean_epoch,train/alpha_mean_step,train/loss_epoch,train/loss_step,train/nll_epoch,train/nll_step,train/pearson_epoch,train/pearson_step,train/phase_reg,val/alpha_mean,val/loss,val/nll,val/pearson,val/phase_reg
0,49,,0.4799012839794159,,12.662147521972656,,116.60740661621094,,0.9533981084823608,0.0018623070791363716,,,,,
0,99,,0.4685255289077759,,4.0674052238464355,,30.88014030456543,,0.9325147867202759,0.002407278399914503,,,,,
0,149,,0.46107110381126404,,2.725825786590576,,17.798561096191406,,0.8998352289199829,0.0027451044879853725,,,,,
0,199,,0.45653200149536133,,2.094575881958008,,11.666511535644531,,0.8822417855262756,0.002975482726469636,,,,,
0,249,,0.4515637755393982,,2.3244903087615967,,13.889782905578613,,0.8903239965438843,0.0031579723581671715,,,,,
0,299,,0.44853347539901733,,1.9979168176651,,10.570798873901367,,0.8959507942199707,0.0032840908970683813,,,,,
0,349,,0.44491448998451233,,2.07824969291687,,11.445590019226074,,0.8891654014587402,0.003380367998033762,,,,,
0,399,,0.4432419240474701,,1.7182461023330688,,7.96340799331665,,0.8775466680526733,0.003448557574301958,,,,,
0,449,,0.44202402234077454,,1.6764894723892212,,7.474898815155029,,0.8847620487213135,0.0035052169114351273,,,,,
0,499,,0.44026583433151245,,1.6075016260147095,,6.803275108337402,,0.8831119537353516,0.003556624986231327,,,,,
0,549,,0.4383409917354584,,1.605744481086731,,6.842134475708008,,0.8776609897613525,0.0036060588899999857,,,,,
0,599,,0.43721866607666016,,1.569175362586975,,6.593544960021973,,0.8660625219345093,0.0036417716182768345,,,,,
0,604,,,,,,,,,,0.43747416138648987,1.5981054306030273,6.816648006439209,0.8726567625999451,0.0036457255482673645
0,604,0.4535506069660187,,8.0586519241333,,71.16497039794922,,0.8967764973640442,,,,,,,
1,649,,0.43610408902168274,,1.5577030181884766,,6.43223762512207,,0.8708319664001465,0.003680121386423707,,,,,
1,699,,0.4353168308734894,,1.524814486503601,,6.282495498657227,,0.8529960513114929,0.0037178664933890104,,,,,
1,749,,0.4346391558647156,,1.589751958847046,,6.873378753662109,,0.8589125871658325,0.0037496453151106834,,,,,
1,799,,0.43230825662612915,,1.5587302446365356,,6.526553153991699,,0.8628064393997192,0.0037815580144524574,,,,,
1,849,,0.43124452233314514,,1.5300695896148682,,6.350118637084961,,0.8518950939178467,0.003811298171058297,,,,,
1,899,,0.42983248829841614,,1.5194871425628662,,6.302612781524658,,0.8462041020393372,0.0038436497561633587,,,,,
1,949,,0.42813852429389954,,1.524763822555542,,6.331726551055908,,0.8487384915351868,0.0038746187929064035,,,,,
1,999,,0.4273011386394501,,1.4937162399291992,,6.219377517700195,,0.8290094137191772,0.003900148207321763,,,,,
1,1049,,0.42559191584587097,,1.5344741344451904,,6.297639846801758,,0.8621115684509277,0.003929798491299152,,,,,
1,1099,,0.4242366552352905,,1.507615327835083,,6.295821189880371,,0.8355699777603149,0.003952458966523409,,,,,
1,1149,,0.4231967329978943,,1.477127194404602,,6.027594566345215,,0.8320083618164062,0.003975315485149622,,,,,
1,1199,,0.4203299582004547,,1.4832764863967896,,6.178369522094727,,0.8233665227890015,0.004001948516815901,,,,,
1,1209,,,,,,,,,,0.4209745228290558,1.4845259189605713,6.091602325439453,0.8332284092903137,0.004006111063063145
1,1209,0.42940160632133484,,1.5338815450668335,,6.425894737243652,,0.8483148217201233,,,,,,,
2,1249,,0.420208603143692,,1.4517744779586792,,6.07132625579834,,0.802580714225769,0.004026352893561125,,,,,
2,1299,,0.4179496169090271,,1.46234929561615,,5.980003356933594,,0.8225134015083313,0.0040528192184865475,,,,,
2,1349,,0.41623497009277344,,1.486296534538269,,6.12948751449585,,0.8316835761070251,0.0040761870332062244,,,,,
2,1399,,0.41473376750946045,,1.5061146020889282,,6.388836860656738,,0.825716495513916,0.004104444291442633,,,,,
2,1449,,0.41314980387687683,,1.4732283353805542,,6.045304775238037,,0.8273415565490723,0.004126926884055138,,,,,
2,1499,,0.4106050729751587,,1.4339505434036255,,5.899174690246582,,0.8029310703277588,0.004155867267400026,,,,,
2,1549,,0.4093862771987915,,1.4293767213821411,,5.882820129394531,,0.8001142740249634,0.004180369433015585,,,,,
2,1599,,0.4060205817222595,,1.436826229095459,,5.995308876037598,,0.7966512441635132,0.004204952623695135,,,,,
2,1649,,0.40285053849220276,,1.4643982648849487,,5.973834037780762,,0.8266873359680176,0.004229619167745113,,,,,
2,1699,,0.39969614148139954,,1.4379620552062988,,5.992435455322266,,0.7987064123153687,0.00425398163497448,,,,,
2,1749,,0.3979310691356659,,1.3831772804260254,,5.704165458679199,,0.7729247808456421,0.004285129718482494,,,,,
2,1799,,0.39433974027633667,,1.4135091304779053,,5.796438217163086,,0.7943882942199707,0.004307643044739962,,,,,
2,1814,,,,,,,,,,0.3938503563404083,1.413139820098877,5.808969020843506,0.7928147912025452,0.004315666854381561
2,1814,0.4085861146450043,,1.4474222660064697,,5.978489398956299,,0.8086726665496826,,,,,,,
3,1849,,0.3911057114601135,,1.4250491857528687,,5.823412895202637,,0.8035540580749512,0.004329964984208345,,,,,
3,1899,,0.3903025984764099,,1.4074229001998901,,5.824305057525635,,0.7859184741973877,0.004351528361439705,,,,,
3,1949,,0.3862989842891693,,1.4047019481658936,,5.847755432128906,,0.7812528610229492,0.0043672826141119,,,,,
3,1999,,0.38252076506614685,,1.3672229051589966,,5.727294445037842,,0.756197452545166,0.0043847947381436825,,,,,
3,2049,,0.38039645552635193,,1.3747053146362305,,5.732738018035889,,0.7633477449417114,0.004404822830110788,,,,,
3,2099,,0.3780260384082794,,1.3487677574157715,,5.6467976570129395,,0.7462411522865295,0.004419906064867973,,,,,
3,2149,,0.3741743564605713,,1.333559513092041,,5.570222854614258,,0.7390754222869873,0.0044389814138412476,,,,,
3,2199,,0.3700253665447235,,1.3869564533233643,,5.7905707359313965,,0.7708522081375122,0.004453131463378668,,,,,
3,2249,,0.3684295117855072,,1.3554855585098267,,5.640239715576172,,0.7545741200447083,0.004460261669009924,,,,,
3,2299,,0.3640559911727905,,1.380259394645691,,5.778845310211182,,0.7659245133399963,0.004471125081181526,,,,,
3,2349,,0.3596145808696747,,1.3829900026321411,,5.77351188659668,,0.7696325182914734,0.004483270924538374,,,,,
3,2399,,0.35887962579727173,,1.3209091424942017,,5.642457962036133,,0.7207304239273071,0.004495286848396063,,,,,
3,2419,,,,,,,,,,0.3558250963687897,1.350868821144104,5.6443095207214355,0.7508103847503662,0.004500651266425848
3,2419,0.3755808472633362,,1.3785244226455688,,5.739158630371094,,0.7670058608055115,,,,,,,
4,2449,,0.3536020517349243,,1.3384851217269897,,5.561737537384033,,0.746906042098999,0.0045053064823150635,,,,,
4,2499,,0.3489155173301697,,1.3612602949142456,,5.7613677978515625,,0.7501868009567261,0.00451483903452754,,,,,
4,2549,,0.34623274207115173,,1.3376015424728394,,5.669613361358643,,0.7359716296195984,0.004526803735643625,,,,,
4,2599,,0.34268271923065186,,1.335619330406189,,5.578771591186523,,0.743428647518158,0.004534590523689985,,,,,
4,2649,,0.33698463439941406,,1.3106319904327393,,5.621521949768066,,0.7147359251976013,0.004543659742921591,,,,,
4,2699,,0.3331736922264099,,1.3268153667449951,,5.593432426452637,,0.7341091632843018,0.004554488230496645,,,,,
4,2749,,0.3284115195274353,,1.3122621774673462,,5.655433654785156,,0.7138319611549377,0.004566324409097433,,,,,
4,2799,,0.3236616849899292,,1.2909727096557617,,5.60108757019043,,0.6984519958496094,0.004578684456646442,,,,,
4,2849,,0.31886544823646545,,1.2980951070785522,,5.635491371154785,,0.7026134729385376,0.004589698743075132,,,,,
4,2899,,0.3126603364944458,,1.2892382144927979,,5.687376022338867,,0.6891885995864868,0.004598997067660093,,,,,
4,2949,,0.3082151710987091,,1.269301176071167,,5.613888740539551,,0.6770446300506592,0.004607124254107475,,,,,
4,2999,,0.30321723222732544,,1.2771060466766357,,5.686983108520508,,0.6780399084091187,0.004618173930794001,,,,,
4,3024,,,,,,,,,,0.300155371427536,1.2863459587097168,5.660588264465332,0.6902250647544861,0.0046219006180763245
4,3024,0.32992926239967346,,1.3142409324645996,,5.645003795623779,,0.7167028188705444,,,,,,,
5,3049,,0.29775547981262207,,1.2578378915786743,,5.706873893737793,,0.6573286652565002,0.004628229886293411,,,,,
5,3099,,0.2920752465724945,,1.2477389574050903,,5.641958713531494,,0.6542892456054688,0.004640136379748583,,,,,
5,3149,,0.28439047932624817,,1.3142876625061035,,5.7706732749938965,,0.7087347507476807,0.004652866628021002,,,,,
5,3199,,0.2794744074344635,,1.2280364036560059,,5.572223663330078,,0.6428200006484985,0.0046624732203781605,,,,,
5,3249,,0.2743174433708191,,1.258205771446228,,5.77014684677124,,0.6537126302719116,0.0046759736724197865,,,,,
5,3299,,0.2671971619129181,,1.2523514032363892,,5.682840347290039,,0.6573007106781006,0.004693107679486275,,,,,
5,3349,,0.26152345538139343,,1.1981242895126343,,5.599112510681152,,0.612013578414917,0.004706602543592453,,,,,
5,3399,,0.2571379244327545,,1.227957010269165,,5.7386274337768555,,0.6283332109451294,0.004726938437670469,,,,,
5,3449,,0.24972176551818848,,1.1827154159545898,,5.642397880554199,,0.5934559106826782,0.004750111605972052,,,,,
5,3499,,0.24206863343715668,,1.2076165676116943,,5.657253742218018,,0.6176366806030273,0.0047740573063492775,,,,,
5,3549,,0.23580807447433472,,1.2270534038543701,,5.739739418029785,,0.629450798034668,0.004792283289134502,,,,,
5,3599,,0.2289663404226303,,1.1622579097747803,,5.619156837463379,,0.5773975849151611,0.004801611416041851,,,,,
5,3629,,,,,,,,,,0.22461332380771637,1.1968281269073486,5.626520156860352,0.6116665601730347,0.0048120394349098206
5,3629,0.26404136419296265,,1.237207293510437,,5.696675777435303,,0.6410877704620361,,,,,,,
6,3649,,0.2230776846408844,,1.2024190425872803,,5.7263689041137695,,0.6074262261390686,0.004813883453607559,,,,,
6,3699,,0.21534888446331024,,1.1902596950531006,,5.609766960144043,,0.6076998710632324,0.004820032976567745,,,,,
6,3749,,0.20928911864757538,,1.2080076932907104,,5.634978294372559,,0.623532772064209,0.00482952781021595,,,,,
6,3799,,0.20487402379512787,,1.2056828737258911,,5.685476779937744,,0.6165993809700012,0.004834270570427179,,,,,
6,3849,,0.19789396226406097,,1.1734577417373657,,5.68715763092041,,0.5849043130874634,0.00484177190810442,,,,,
6,3899,,0.1921803504228592,,1.1702404022216797,,5.6882219314575195,,0.5821515917778015,0.004848137963563204,,,,,
6,3949,,0.18719854950904846,,1.1577740907669067,,5.54981803894043,,0.5840239524841309,0.004844206850975752,,,,,
6,3999,,0.18177254498004913,,1.1624218225479126,,5.555583953857422,,0.5886377096176147,0.004847207106649876,,,,,
6,4049,,0.17461635172367096,,1.1632695198059082,,5.604240894317627,,0.5853352546691895,0.004846602212637663,,,,,
6,4099,,0.17055819928646088,,1.1404027938842773,,5.522774696350098,,0.5710208415985107,0.004847725387662649,,,,,
6,4149,,0.1663805991411209,,1.1210705041885376,,5.525087356567383,,0.5518751740455627,0.004848336335271597,,,,,
6,4199,,0.15924471616744995,,1.1865336894989014,,5.607054233551025,,0.6098553538322449,0.004843785427510738,,,,,
6,4234,,,,,,,,,,0.15753775835037231,1.159989833831787,5.551407337188721,0.5890473127365112,0.004839207511395216
6,4234,0.18926744163036346,,1.169752836227417,,5.605143070220947,,0.5902633666992188,,,,,,,
7,4249,,0.15545232594013214,,1.1613742113113403,,5.605892181396484,,0.5851913094520569,0.004838950000703335,,,,,
7,4299,,0.15294788777828217,,1.1611824035644531,,5.6318559646606445,,0.5826536417007446,0.00483759306371212,,,,,
7,4349,,0.14665541052818298,,1.1274144649505615,,5.414778709411621,,0.5712228417396545,0.004831948317587376,,,,,
7,4399,,0.14004775881767273,,1.1502172946929932,,5.529211521148682,,0.5832430124282837,0.004827800672501326,,,,,
7,4449,,0.13858956098556519,,1.1685839891433716,,5.521181583404541,,0.6025586128234863,0.0048307511024177074,,,,,
7,4499,,0.13536907732486725,,1.16588294506073,,5.635339736938477,,0.5887637138366699,0.004824829287827015,,,,,
7,4549,,0.13201288878917694,,1.1171419620513916,,5.521045684814453,,0.5517880320549011,0.004816077649593353,,,,,
7,4599,,0.1299925446510315,,1.112391710281372,,5.456729412078857,,0.5536713600158691,0.004819721449166536,,,,,
7,4649,,0.12593980133533478,,1.1523890495300293,,5.6042890548706055,,0.5793179273605347,0.004816247615963221,,,,,
7,4699,,0.12326768785715103,,1.1261183023452759,,5.477205276489258,,0.5660229325294495,0.004806007724255323,,,,,
7,4749,,0.11988614499568939,,1.1494908332824707,,5.583222389221191,,0.5791319012641907,0.00480244355276227,,,,,
7,4799,,0.11630945652723312,,1.0880976915359497,,5.464017868041992,,0.5300171375274658,0.004797559697180986,,,,,
7,4839,,,,,,,,,,0.11413437128067017,1.1441717147827148,5.509731292724609,0.5817374587059021,0.004796146880835295
7,4839,0.13425211608409882,,1.142453670501709,,5.546988487243652,,0.5742814540863037,,,,,,,
8,4849,,0.11475586891174316,,1.0926127433776855,,5.454338073730469,,0.5356554985046387,0.004794511012732983,,,,,
8,4899,,0.1117921844124794,,1.1678922176361084,,5.596135139465332,,0.5970515012741089,0.004788392223417759,,,,,
8,4949,,0.10943206399679184,,1.158767819404602,,5.641409873962402,,0.5836358666419983,0.0047798724845051765,,,,,
8,4999,,0.10547352582216263,,1.1536723375320435,,5.561777114868164,,0.5868993401527405,0.004778512287884951,,,,,
8,5049,,0.1038319393992424,,1.1705681085586548,,5.664676666259766,,0.5936693549156189,0.004775566514581442,,,,,
8,5099,,0.10145890712738037,,1.1170488595962524,,5.499850273132324,,0.5568701028823853,0.004775835666805506,,,,,
8,5149,,0.09878912568092346,,1.1134227514266968,,5.542364120483398,,0.5492597818374634,0.004768026061356068,,,,,
8,5199,,0.09612809866666794,,1.1602163314819336,,5.55052375793457,,0.595503568649292,0.004760838113725185,,,,,
8,5249,,0.0929521694779396,,1.1116327047348022,,5.472745418548584,,0.5550153255462646,0.004760404583066702,,,,,
8,5299,,0.09072332084178925,,1.1222673654556274,,5.504425048828125,,0.5627049803733826,0.0047540306113660336,,,,,
8,5349,,0.0899948701262474,,1.1321474313735962,,5.469036102294922,,0.5761969685554504,0.004743379540741444,,,,,
8,5399,,0.08677630871534348,,1.119857668876648,,5.507207870483398,,0.5604117512702942,0.004739068914204836,,,,,
8,5444,,,,,,,,,,0.08626675605773926,1.1369754076004028,5.52261209487915,0.5760402679443359,0.004731058143079281
8,5444,0.0994427502155304,,1.1316094398498535,,5.5296525955200195,,0.5686521530151367,,,,,,,
9,5449,,0.08590833842754364,,1.1683170795440674,,5.6631927490234375,,0.5933597087860107,0.004729935433715582,,,,,
9,5499,,0.08422242105007172,,1.0884592533111572,,5.469320297241211,,0.533057689666748,0.0047294627875089645,,,,,
9,5549,,0.08424453437328339,,1.1399641036987305,,5.534049987792969,,0.578087329864502,0.004727594554424286,,,,,
9,5599,,0.08141183853149414,,1.1150909662246704,,5.464032173156738,,0.5604993104934692,0.004718206822872162,,,,,
9,5649,,0.07955322414636612,,1.1384145021438599,,5.453999042510986,,0.5850121378898621,0.004712555091828108,,,,,
9,5699,,0.07743684202432632,,1.12931227684021,,5.566948413848877,,0.5648267269134521,0.004700513556599617,,,,,
9,5749,,0.07532522082328796,,1.0832571983337402,,5.482014179229736,,0.5274763107299805,0.0046980371698737144,,,,,
9,5799,,0.07407642900943756,,1.1381795406341553,,5.567416191101074,,0.5739833116531372,0.004695437848567963,,,,,
9,5849,,0.07274718582630157,,1.090135097503662,,5.486232757568359,,0.5341901779174805,0.004689941182732582,,,,,
9,5899,,0.07212071865797043,,1.1270639896392822,,5.4827799797058105,,0.5715271234512329,0.004682119470089674,,,,,
9,5949,,0.06975212693214417,,1.1182957887649536,,5.528957366943359,,0.558378279209137,0.00466590840369463,,,,,
9,5999,,0.06905309855937958,,1.1219285726547241,,5.454815864562988,,0.5694950222969055,0.004660774953663349,,,,,
9,6049,,0.06765875220298767,,1.1250030994415283,,5.571084976196289,,0.5610822439193726,0.004648030735552311,,,,,
9,6049,,,,,,,,,,0.06806058436632156,1.132218599319458,5.5200276374816895,0.5733633637428284,0.004647738765925169
9,6049,0.0763852521777153,,1.125579595565796,,5.52337646484375,,0.565557062625885,,,,,,,
10,6099,,0.0666106790304184,,1.1162281036376953,,5.45645809173584,,0.5638748407363892,0.004640728235244751,,,,,
10,6149,,0.06529548019170761,,1.1068025827407837,,5.534422874450684,,0.5467842817306519,0.004636386875063181,,,,,
10,6199,,0.06473115086555481,,1.1238598823547363,,5.436728477478027,,0.5736676454544067,0.004626350477337837,,,,,
10,6249,,0.06404928117990494,,1.1367348432540894,,5.574313640594482,,0.5728524923324585,0.004617590457201004,,,,,
10,6299,,0.06173664331436157,,1.1534353494644165,,5.670025825500488,,0.5802129507064819,0.004618003964424133,,,,,
10,6349,,0.06135433912277222,,1.112709403038025,,5.506757736206055,,0.5558520555496216,0.004611111246049404,,,,,
10,6399,,0.060812998563051224,,1.1040714979171753,,5.391097545623779,,0.5588343739509583,0.004598197527229786,,,,,
10,6449,,0.059527117758989334,,1.115168809890747,,5.568320274353027,,0.552338182926178,0.004584041424095631,,,,,
10,6499,,0.058648888021707535,,1.086120843887329,,5.415797233581543,,0.5386305451393127,0.0045741256326437,,,,,
10,6549,,0.05703762173652649,,1.1081241369247437,,5.5246758460998535,,0.5499072074890137,0.00455893948674202,,,,,
10,6599,,0.056525614112615585,,1.1027454137802124,,5.568288326263428,,0.5402185320854187,0.004550413228571415,,,,,
10,6649,,0.055085960775613785,,1.1166369915008545,,5.492278575897217,,0.5618550777435303,0.004539418499916792,,,,,
10,6654,,,,,,,,,,0.05553365871310234,1.1284081935882568,5.503976821899414,0.5724116563796997,0.004535563290119171
10,6654,0.061392057687044144,,1.1212067604064941,,5.516283988952637,,0.5633936524391174,,,,,,,
11,6699,,0.05498194321990013,,1.094004511833191,,5.464268684387207,,0.5420341491699219,0.004530044272542,,,,,
11,6749,,0.053565699607133865,,1.1232904195785522,,5.579415798187256,,0.5599469542503357,0.004528805147856474,,,,,
11,6799,,0.0541384257376194,,1.1713007688522339,,5.57639217376709,,0.6082023978233337,0.0045273881405591965,,,,,
11,6849,,0.05213743448257446,,1.0892153978347778,,5.449337959289551,,0.5390227437019348,0.004515235312283039,,,,,
11,6899,,0.0510929636657238,,1.1252995729446411,,5.582963943481445,,0.5618488788604736,0.0044901492074131966,,,,,
11,6949,,0.04995766282081604,,1.1009269952774048,,5.376986503601074,,0.55818772315979,0.004469058010727167,,,,,
11,6999,,0.0504559688270092,,1.0995194911956787,,5.507625579833984,,0.5436667203903198,0.00446370430290699,,,,,
11,7049,,0.048391517251729965,,1.08350670337677,,5.368785381317139,,0.5417444705963135,0.004440711811184883,,,,,
11,7099,,0.04793689399957657,,1.1189947128295898,,5.48715353012085,,0.5654413104057312,0.004439829848706722,,,,,
11,7149,,0.04696463420987129,,1.0993460416793823,,5.454700469970703,,0.5491352081298828,0.004433190915733576,,,,,
11,7199,,0.047236304730176926,,1.108519196510315,,5.607717990875244,,0.5429795980453491,0.004414239898324013,,,,,
11,7249,,0.0465235710144043,,1.1119608879089355,,5.515589714050293,,0.5557055473327637,0.004404752049595118,,,,,
11,7259,,,,,,,,,,0.04669955000281334,1.1263034343719482,5.514874458312988,0.5701017379760742,0.004408864304423332
11,7259,0.05076354742050171,,1.1178826093673706,,5.511938571929932,,0.5615677237510681,,,,,,,
12,7299,,0.046738170087337494,,1.1266939640045166,,5.51373815536499,,0.5706023573875427,0.0043938495218753815,,,,,
12,7349,,0.04504478722810745,,1.1094095706939697,,5.378143310546875,,0.5670468807220459,0.004385878797620535,,,,,
12,7399,,0.04596058651804924,,1.1439868211746216,,5.533483028411865,,0.5859986543655396,0.004370113834738731,,,,,
12,7449,,0.04450735077261925,,1.089076280593872,,5.332709312438965,,0.5513111352920532,0.004352988209575415,,,,,
12,7499,,0.04417858272790909,,1.1220589876174927,,5.524519920349121,,0.56514573097229,0.004332104232162237,,,,,
12,7549,,0.04288402944803238,,1.1409128904342651,,5.568563461303711,,0.579724907875061,0.004330020863562822,,,,,
12,7599,,0.041512686759233475,,1.173790454864502,,5.669313430786133,,0.6026648879051208,0.004309330601245165,,,,,
12,7649,,0.042029209434986115,,1.104263424873352,,5.568375110626221,,0.5431801080703735,0.004294733516871929,,,,,
12,7699,,0.040310781449079514,,1.146681547164917,,5.5666303634643555,,0.585944652557373,0.0042810942977666855,,,,,
12,7749,,0.040512360632419586,,1.1063874959945679,,5.5035200119018555,,0.5519415140151978,0.004278321750462055,,,,,
12,7799,,0.041175954043865204,,1.1177952289581299,,5.535760402679443,,0.5600589513778687,0.004261257126927376,,,,,
12,7849,,0.039476532489061356,,1.0959111452102661,,5.5000176429748535,,0.5419193506240845,0.004243489820510149,,,,,
12,7864,,,,,,,,,,0.039462558925151825,1.1243646144866943,5.493173599243164,0.5710585713386536,0.0042436737567186356
12,7864,0.04297996312379837,,1.1154056787490845,,5.5086669921875,,0.5601980090141296,,,,,,,
13,7899,,0.03909759223461151,,1.1192333698272705,,5.4385175704956055,,0.5714296102523804,0.0042334022000432014,,,,,
13,7949,,0.038295261561870575,,1.079670786857605,,5.435441017150879,,0.5322549343109131,0.0042265309020876884,,,,,
13,7999,,0.03925615921616554,,1.1079695224761963,,5.428949356079102,,0.5611070394515991,0.004201690200716257,,,,,
13,8049,,0.03899845480918884,,1.1129229068756104,,5.542928695678711,,0.5546884536743164,0.004177662543952465,,,,,
13,8099,,0.03807029500603676,,1.1368608474731445,,5.54488468170166,,0.578523576259613,0.004166776314377785,,,,,
13,8149,,0.0363825187087059,,1.0598170757293701,,5.284318447113037,,0.5277055501937866,0.004149018321186304,,,,,
13,8199,,0.037004146724939346,,1.1006348133087158,,5.508955478668213,,0.5459975004196167,0.004138251766562462,,,,,
13,8249,,0.03605380654335022,,1.088553786277771,,5.414790153503418,,0.5434283018112183,0.0041156974621117115,,,,,
13,8299,,0.036199118942022324,,1.0946557521820068,,5.550688743591309,,0.5359259247779846,0.004099101759493351,,,,,
13,8349,,0.036264482885599136,,1.100305438041687,,5.457117557525635,,0.5509265065193176,0.004077643621712923,,,,,
13,8399,,0.035289864987134933,,1.1016175746917725,,5.436437606811523,,0.5544042587280273,0.004059530794620514,,,,,
13,8449,,0.03556361421942711,,1.0965183973312378,,5.49390983581543,,0.5435305237770081,0.0040518310852348804,,,,,
13,8469,,,,,,,,,,0.0347384475171566,1.1222383975982666,5.4841837882995605,0.5703060030937195,0.004049628507345915
13,8469,0.03725438937544823,,1.1132612228393555,,5.50532865524292,,0.5589616894721985,,,,,,,
14,8499,,0.03467043861746788,,1.1106363534927368,,5.488898277282715,,0.5582389831542969,0.004038950894027948,,,,,
14,8549,,0.03404632955789566,,1.0940279960632324,,5.460082054138184,,0.5445749759674072,0.004022500477731228,,,,,
14,8599,,0.03414817154407501,,1.135725975036621,,5.581846237182617,,0.5740864276885986,0.004009223077446222,,,,,
14,8649,,0.03366142138838768,,1.1056574583053589,,5.474628448486328,,0.5547885894775391,0.003983982838690281,,,,,
14,8699,,0.03344061225652695,,1.106518268585205,,5.521635055541992,,0.5509707927703857,0.003977347165346146,,,,,
14,8749,,0.033005490899086,,1.0794702768325806,,5.421964645385742,,0.5339337587356567,0.00396034587174654,,,,,
14,8799,,0.03262734413146973,,1.0988545417785645,,5.449339866638184,,0.5506185293197632,0.003935035318136215,,,,,
14,8849,,0.03188704326748848,,1.1021977663040161,,5.434953689575195,,0.5554746389389038,0.003910625819116831,,,,,
14,8899,,0.03209120035171509,,1.1036776304244995,,5.450922966003418,,0.5553372502326965,0.003899245522916317,,,,,
14,8949,,0.03168623149394989,,1.0874228477478027,,5.41702938079834,,0.5425125360488892,0.003888889215886593,,,,,
14,8999,,0.03115268424153328,,1.1023645401000977,,5.522363662719727,,0.5469744205474854,0.0038550295867025852,,,,,
14,9049,,0.0314786471426487,,1.1067363023757935,,5.422229766845703,,0.5613271594047546,0.0038289539515972137,,,,,
14,9074,,,,,,,,,,0.030982695519924164,1.122735619544983,5.492185115814209,0.5703805685043335,0.003813564544543624
14,9074,0.032946616411209106,,1.1113327741622925,,5.50211763381958,,0.5577862858772278,,,,,,,
15,9099,,0.030967557802796364,,1.119339108467102,,5.533027648925781,,0.562901496887207,0.00381021318025887,,,,,
15,9149,,0.03170441836118698,,1.1468980312347412,,5.498080253601074,,0.5938814878463745,0.0037998973857611418,,,,,
15,9199,,0.02973511815071106,,1.0885459184646606,,5.468556880950928,,0.5386788845062256,0.003775827120989561,,,,,
15,9249,,0.029939105734229088,,1.1212626695632935,,5.59715461730957,,0.5585156679153442,0.003761810716241598,,,,,
15,9299,,0.03015235997736454,,1.105167269706726,,5.523099422454834,,0.5498045682907104,0.0037508131936192513,,,,,
15,9349,,0.02966398186981678,,1.0983860492706299,,5.426835060119629,,0.5526988506317139,0.003716664621606469,,,,,
15,9399,,0.02984544262290001,,1.0693919658660889,,5.3943257331848145,,0.5269379615783691,0.0036999955773353577,,,,,
15,9449,,0.029457006603479385,,1.07942795753479,,5.476015090942383,,0.5288439989089966,0.0036766487173736095,,,,,
15,9499,,0.02819705940783024,,1.0932815074920654,,5.523985862731934,,0.5380265712738037,0.0036595086567103863,,,,,
15,9549,,0.02919495292007923,,1.1188372373580933,,5.590963363647461,,0.5567848682403564,0.0036488636396825314,,,,,
15,9599,,0.02863376960158348,,1.0970979928970337,,5.453941345214844,,0.5488042831420898,0.00361401354894042,,,,,
15,9649,,0.029423557221889496,,1.10133695602417,,5.516291618347168,,0.5467294454574585,0.0035980273969471455,,,,,
15,9679,,,,,,,,,,0.027993621304631233,1.11961829662323,5.502912521362305,0.5664916038513184,0.003592192893847823
15,9679,0.02959769032895565,,1.109631896018982,,5.499179363250732,,0.5567163228988647,,,,,,,
16,9699,,0.027814598754048347,,1.109065055847168,,5.521047115325928,,0.554142951965332,0.003586798207834363,,,,,
16,9749,,0.02822207100689411,,1.1184229850769043,,5.529598236083984,,0.5626051425933838,0.0035757585428655148,,,,,
16,9799,,0.028071390464901924,,1.1424504518508911,,5.445850849151611,,0.5950224995613098,0.0035589965991675854,,,,,
16,9849,,0.027582811191678047,,1.0897842645645142,,5.374770641326904,,0.5495134592056274,0.003535982221364975,,,,,
16,9899,,0.02755231037735939,,1.1091989278793335,,5.475049018859863,,0.5589038133621216,0.0034975081216543913,,,,,
16,9949,,0.02610362321138382,,1.1145250797271729,,5.524350166320801,,0.5594446659088135,0.003501333761960268,,,,,
16,9999,,0.026317553594708443,,1.074492335319519,,5.360616683959961,,0.5357642769813538,0.0034530246630311012,,,,,
16,10049,,0.027832776308059692,,1.132737636566162,,5.544284343719482,,0.5754914283752441,0.0034415526315569878,,,,,
16,10099,,0.027133643627166748,,1.143842339515686,,5.604719161987305,,0.5806227326393127,0.003434348851442337,,,,,
16,10149,,0.027076290920376778,,1.1356650590896606,,5.580960273742676,,0.5748273730278015,0.003412108402699232,,,,,
16,10199,,0.0256134495139122,,1.0921467542648315,,5.459532737731934,,0.5435981750488281,0.0034012296237051487,,,,,
16,10249,,0.025847680866718292,,1.0995203256607056,,5.56297492980957,,0.5406043529510498,0.0033636533189564943,,,,,
16,10284,,,,,,,,,,0.025676880031824112,1.1196415424346924,5.487636089324951,0.568276584148407,0.0033481395803391933
16,10284,0.02700682170689106,,1.1081078052520752,,5.49656343460083,,0.555716872215271,,,,,,,
17,10299,,0.025428690016269684,,1.146808385848999,,5.538508415222168,,0.5903811454772949,0.003353323321789503,,,,,
17,10349,,0.025738636031746864,,1.1035385131835938,,5.471068382263184,,0.5538246035575867,0.003323330543935299,,,,,
17,10399,,0.025523580610752106,,1.1276271343231201,,5.552487373352051,,0.5697929263114929,0.0033064051531255245,,,,,
17,10449,,0.02560124360024929,,1.082865595817566,,5.362558364868164,,0.5440168976783752,0.003280751407146454,,,,,
17,10499,,0.025060972198843956,,1.158099889755249,,5.624797821044922,,0.5930810570716858,0.0032863083761185408,,,,,
17,10549,,0.024933982640504837,,1.1450597047805786,,5.524566650390625,,0.5900770425796509,0.0032602190040051937,,,,,
17,10599,,0.025185134261846542,,1.1155314445495605,,5.498707294464111,,0.5631097555160522,0.0032443536911159754,,,,,
17,10649,,0.024192839860916138,,1.127763271331787,,5.566977500915527,,0.5686140060424805,0.0032234035898,,,,,
17,10699,,0.02382434718310833,,1.0886094570159912,,5.4670329093933105,,0.5394918918609619,0.003188777482137084,,,,,
17,10749,,0.023633502423763275,,1.116385817527771,,5.581188678741455,,0.5558717846870422,0.003180744592100382,,,,,
17,10799,,0.023730775341391563,,1.1111485958099365,,5.496870040893555,,0.5590569972991943,0.003151198849081993,,,,,
17,10849,,0.024826249107718468,,1.077286720275879,,5.465960502624512,,0.5281767845153809,0.003118878463283181,,,,,
17,10889,,,,,,,,,,0.023890797048807144,1.1174662113189697,5.490959644317627,0.565950334072113,0.003103789873421192
17,10889,0.02484077401459217,,1.1065829992294312,,5.493139266967773,,0.5547530651092529,,,,,,,
18,10899,,0.024016788229346275,,1.085584282875061,,5.437744140625,,0.5393772721290588,0.0030920952558517456,,,,,
18,10949,,0.02428068220615387,,1.1059460639953613,,5.500659942626953,,0.553421139717102,0.003092816099524498,,,,,
18,10999,,0.02297413907945156,,1.1161668300628662,,5.550476551055908,,0.5587911009788513,0.0030625031795352697,,,,,
18,11049,,0.023449862375855446,,1.0768123865127563,,5.509377956390381,,0.5234990119934082,0.003050196450203657,,,,,
18,11099,,0.02388382889330387,,1.1024343967437744,,5.568693161010742,,0.5431466102600098,0.003021863056346774,,,,,
18,11149,,0.023057585582137108,,1.0784913301467896,,5.424221038818359,,0.5337332487106323,0.0030121933668851852,,,,,
18,11199,,0.023153061047196388,,1.0905656814575195,,5.48088264465332,,0.5401321649551392,0.0029982905834913254,,,,,
18,11249,,0.02275136671960354,,1.124045729637146,,5.5835113525390625,,0.5633897185325623,0.00298343226313591,,,,,
18,11299,,0.02246136963367462,,1.1192656755447388,,5.496291160583496,,0.5673607587814331,0.002968186978250742,,,,,
18,11349,,0.022583840414881706,,1.0730384588241577,,5.379354476928711,,0.5328153371810913,0.0029344595968723297,,,,,
18,11399,,0.021742600947618484,,1.0754144191741943,,5.377235412597656,,0.5354873538017273,0.0029252180829644203,,,,,
18,11449,,0.023094143718481064,,1.1162123680114746,,5.527484893798828,,0.5611252784729004,0.0029196555260568857,,,,,
18,11494,,,,,,,,,,0.022177502512931824,1.1168423891067505,5.4691972732543945,0.5676759481430054,0.002894279547035694
18,11494,0.02301187440752983,,1.1052058935165405,,5.4910712242126465,,0.5537668466567993,,,,,,,
19,11499,,0.02251097932457924,,1.095680832862854,,5.474271297454834,,0.5459735989570618,0.0028970767743885517,,,,,
19,11549,,0.022415779531002045,,1.103287935256958,,5.465754508972168,,0.5544419288635254,0.002882483182474971,,,,,
19,11599,,0.022561494261026382,,1.1114742755889893,,5.518679141998291,,0.5573216676712036,0.002863944275304675,,,,,
19,11649,,0.021554086357355118,,1.0975723266601562,,5.459127426147461,,0.5494756698608398,0.0028466791845858097,,,,,
19,11699,,0.02250249870121479,,1.0932213068008423,,5.4875688552856445,,0.5421860218048096,0.0028282892890274525,,,,,
19,11749,,0.021609442308545113,,1.1187853813171387,,5.542079925537109,,0.5623883008956909,0.002828509546816349,,,,,
19,11799,,0.02219373919069767,,1.112667202949524,,5.444080352783203,,0.5660116672515869,0.002807991113513708,,,,,
19,11849,,0.02081981860101223,,1.0656465291976929,,5.401008605957031,,0.5234358310699463,0.0027891104109585285,,,,,
19,11899,,0.020694537088274956,,1.0901179313659668,,5.4676947593688965,,0.5412511825561523,0.0027775645721703768,,,,,
19,11949,,0.020615313202142715,,1.0927897691726685,,5.423433303833008,,0.5483573079109192,0.002769474871456623,,,,,
19,11999,,0.021200357005000114,,1.1125351190567017,,5.531288146972656,,0.557258665561676,0.0027570328675210476,,,,,
19,12049,,0.020931068807840347,,1.0837370157241821,,5.468644618988037,,0.5347520709037781,0.002739456482231617,,,,,
19,12099,,0.021063130348920822,,1.069920301437378,,5.441155910491943,,0.52367103099823,0.002731149084866047,,,,,
19,12099,,,,,,,,,,0.020740482956171036,1.1158936023712158,5.477729320526123,0.5660193562507629,0.002731173299252987
19,12099,0.021502403542399406,,1.1040053367614746,,5.488208293914795,,0.5530054569244385,,,,,,,
20,12149,,0.020937640219926834,,1.0912079811096191,,5.439859390258789,,0.5451011061668396,0.0027146164793521166,,,,,
20,12199,,0.020507728680968285,,1.0987203121185303,,5.427526950836182,,0.5538897514343262,0.0027056410908699036,,,,,
20,12249,,0.020114868879318237,,1.0775561332702637,,5.34655237197876,,0.5408622622489929,0.0027005872689187527,,,,,
20,12299,,0.0204339437186718,,1.0831100940704346,,5.406360626220703,,0.5404038429260254,0.0026806523092091084,,,,,
20,12349,,0.02043805457651615,,1.1140799522399902,,5.660000801086426,,0.5460094213485718,0.002664137165993452,,,,,
20,12399,,0.019647596403956413,,1.1349958181381226,,5.629216194152832,,0.5700827836990356,0.002663645427674055,,,,,
20,12449,,0.019260775297880173,,1.117152214050293,,5.476253032684326,,0.5675742030143738,0.002663147170096636,,,,,
20,12499,,0.019643312320113182,,1.1115165948867798,,5.475147724151611,,0.5620110034942627,0.002643683459609747,,,,,
20,12549,,0.019994232803583145,,1.1282498836517334,,5.554697513580322,,0.5707544684410095,0.002623332664370537,,,,,
20,12599,,0.019867653027176857,,1.079304814338684,,5.43044376373291,,0.5342474579811096,0.0026200274005532265,,,,,
20,12649,,0.019509103149175644,,1.0665018558502197,,5.345252990722656,,0.5299993753433228,0.002629399998113513,,,,,
20,12699,,0.019162507727742195,,1.1049870252609253,,5.4388628005981445,,0.5591582655906677,0.002625986933708191,,,,,
20,12704,,,,,,,,,,0.01912725158035755,1.1152914762496948,5.477410793304443,0.5656111240386963,0.0026288528461009264
20,12704,0.020163653418421745,,1.1026725769042969,,5.485785961151123,,0.5520505905151367,,,,,,,
21,12749,,0.01999799907207489,,1.0801692008972168,,5.456106185913086,,0.532532811164856,0.0026001124642789364,,,,,
21,12799,,0.01966271735727787,,1.0816200971603394,,5.357234954833984,,0.5439043045043945,0.0026063851546496153,,,,,
21,12849,,0.019839929416775703,,1.0977826118469238,,5.42786979675293,,0.552985668182373,0.0025927748065441847,,,,,
21,12899,,0.019126106053590775,,1.098160743713379,,5.4931793212890625,,0.5469042062759399,0.0025939615443348885,,,,,
21,12949,,0.01897568441927433,,1.0681027173995972,,5.369621276855469,,0.5292171239852905,0.0025837852153927088,,,,,
21,12999,,0.018474185839295387,,1.0994943380355835,,5.4993696212768555,,0.5476843118667603,0.0025766324251890182,,,,,
21,13049,,0.01946301758289337,,1.1265363693237305,,5.528346061706543,,0.5717296600341797,0.002579963067546487,,,,,
21,13099,,0.018956761807203293,,1.1154807806015015,,5.471776962280273,,0.5663816332817078,0.0025767988990992308,,,,,
21,13149,,0.018286528065800667,,1.1157913208007812,,5.560868263244629,,0.557850182056427,0.002564867725595832,,,,,
21,13199,,0.018008433282375336,,1.0832477807998657,,5.4567437171936035,,0.5357468724250793,0.002561899833381176,,,,,
21,13249,,0.01889052242040634,,1.1157633066177368,,5.580064296722412,,0.5558419227600098,0.002569293836131692,,,,,
21,13299,,0.018239257857203484,,1.0664016008377075,,5.4104084968566895,,0.5235112309455872,0.0025608809664845467,,,,,
21,13309,,,,,,,,,,0.018252570182085037,1.115862488746643,5.4801788330078125,0.5659936666488647,0.002561909146606922
21,13309,0.018919745460152626,,1.1013479232788086,,5.48369026184082,,0.5510612726211548,,,,,,,
22,13349,,0.018710842356085777,,1.078316330909729,,5.4698686599731445,,0.5294327735900879,0.0025663580745458603,,,,,
22,13399,,0.0188433900475502,,1.1277977228164673,,5.520886421203613,,0.5737988948822021,0.002572049153968692,,,,,
22,13449,,0.018334800377488136,,1.1271394491195679,,5.567707061767578,,0.5685096383094788,0.002567516639828682,,,,,
22,13499,,0.01809876225888729,,1.0817769765853882,,5.460781574249268,,0.5338634252548218,0.002565179020166397,,,,,
22,13549,,0.018069792538881302,,1.0993963479995728,,5.415541648864746,,0.5560095310211182,0.002564000431448221,,,,,
22,13599,,0.018010204657912254,,1.1166971921920776,,5.596797943115234,,0.5551907420158386,0.0025651114992797375,,,,,
22,13649,,0.016946563497185707,,1.0683763027191162,,5.385638236999512,,0.5280921459197998,0.0025626844726502895,,,,,
22,13699,,0.017879577353596687,,1.1192188262939453,,5.466507911682129,,0.5707546472549438,0.00255185691639781,,,,,
22,13749,,0.01723146252334118,,1.0935618877410889,,5.524445533752441,,0.5393685102462769,0.002565177157521248,,,,,
22,13799,,0.017134448513388634,,1.08346426486969,,5.5606794357299805,,0.5256572961807251,0.0025599240325391293,,,,,
22,13849,,0.017666775733232498,,1.0817054510116577,,5.380311012268066,,0.5418820977210999,0.0025650113821029663,,,,,
22,13899,,0.017361829057335854,,1.1358208656311035,,5.61211633682251,,0.5728476047515869,0.0025490564294159412,,,,,
22,13914,,,,,,,,,,0.017360014840960503,1.1141008138656616,5.499163627624512,0.5624228119850159,0.002551506506279111
22,13914,0.01793007180094719,,1.099883794784546,,5.480682849884033,,0.5499969124794006,,,,,,,
23,13949,,0.017490729689598083,,1.0893148183822632,,5.4494476318359375,,0.542595386505127,0.002564778085798025,,,,,
23,13999,,0.01767544262111187,,1.0859991312026978,,5.520397186279297,,0.5321661829948425,0.0025762671139091253,,,,,
23,14049,,0.01711118407547474,,1.0723743438720703,,5.428771018981934,,0.52776038646698,0.002576522994786501,,,,,
23,14099,,0.017165236175060272,,1.0960125923156738,,5.406785011291504,,0.5535917282104492,0.002581230364739895,,,,,
23,14149,,0.01717425137758255,,1.111128568649292,,5.536045074462891,,0.5557807087898254,0.0025896565057337284,,,,,
23,14199,,0.017126884311437607,,1.1126232147216797,,5.4816155433654785,,0.5627230405807495,0.0025891633704304695,,,,,
23,14249,,0.01619449071586132,,1.1064507961273193,,5.449862957000732,,0.5598189830780029,0.002610583323985338,,,,,
23,14299,,0.016901565715670586,,1.117951512336731,,5.562358856201172,,0.5599993467330933,0.0026048352010548115,,,,,
23,14349,,0.016514265909790993,,1.0982098579406738,,5.486662864685059,,0.5478661060333252,0.002610661555081606,,,,,
23,14399,,0.01671084202826023,,1.1165231466293335,,5.519373893737793,,0.5628884434700012,0.0026190660428255796,,,,,
23,14449,,0.016344942152500153,,1.0992004871368408,,5.500517845153809,,0.5474879741668701,0.0026171260979026556,,,,,
23,14499,,0.015893276780843735,,1.066509485244751,,5.2416791915893555,,0.5407260656356812,0.0026275424752384424,,,,,
23,14519,,,,,,,,,,0.0161401629447937,1.114073634147644,5.482518196105957,0.5641814470291138,0.002619226463139057
23,14519,0.016975337639451027,,1.098633885383606,,5.477991580963135,,0.5491117238998413,,,,,,,
24,14549,,0.016494618728756905,,1.1264842748641968,,5.538908004760742,,0.5709176063537598,0.0026343087665736675,,,,,
24,14599,,0.01592063158750534,,1.1175776720046997,,5.433058261871338,,0.5726534724235535,0.0026404554955661297,,,,,
24,14649,,0.017015062272548676,,1.0946907997131348,,5.501936912536621,,0.5427690744400024,0.0026632752269506454,,,,,
24,14699,,0.016450729221105576,,1.0792384147644043,,5.483191967010498,,0.5292474031448364,0.0026694471016526222,,,,,
24,14749,,0.016233740374445915,,1.0927016735076904,,5.52548885345459,,0.5385026335716248,0.0026711539831012487,,,,,
24,14799,,0.016736198216676712,,1.1291654109954834,,5.455988883972168,,0.5818660855293274,0.002686244435608387,,,,,
24,14849,,0.015915725380182266,,1.0696932077407837,,5.44637393951416,,0.5234374403953552,0.0026831591967493296,,,,,
24,14899,,0.016012465581297874,,1.112034797668457,,5.512451171875,,0.5591614246368408,0.00269776931963861,,,,,
24,14949,,0.015777001157402992,,1.0982537269592285,,5.344775199890137,,0.562171459197998,0.0027117684949189425,,,,,
24,14999,,0.015994593501091003,,1.110850214958191,,5.515133380889893,,0.5577101707458496,0.0027142493054270744,,,,,
24,15049,,0.015916839241981506,,1.0885218381881714,,5.463075637817383,,0.5405952334403992,0.0027244985103607178,,,,,
24,15099,,0.01521318033337593,,1.0878136157989502,,5.504078388214111,,0.5358569622039795,0.0027391144540160894,,,,,
24,15124,,,,,,,,,,0.015572167932987213,1.1143087148666382,5.492528438568115,0.5634714365005493,0.0027297413907945156
24,15124,0.016140317544341087,,1.0973000526428223,,5.475565433502197,,0.548103392124176,,,,,,,
25,15149,,0.016121799126267433,,1.0914033651351929,,5.425670623779297,,0.547196626663208,0.0027593071572482586,,,,,
25,15199,,0.015062760561704636,,1.0816466808319092,,5.395380020141602,,0.5405746698379517,0.002765580080449581,,,,,
25,15249,,0.016229547560214996,,1.1004447937011719,,5.478911399841309,,0.5509029626846313,0.002778797410428524,,,,,
25,15299,,0.016223961487412453,,1.0957891941070557,,5.491405487060547,,0.5449982285499573,0.002795121166855097,,,,,
25,15349,,0.015648210421204567,,1.1302170753479004,,5.566498756408691,,0.5719742774963379,0.002796291606500745,,,,,
25,15399,,0.01493089459836483,,1.0896180868148804,,5.460170745849609,,0.5420798063278198,0.00281137740239501,,,,,
25,15449,,0.015053787268698215,,1.1417428255081177,,5.574873924255371,,0.5827218294143677,0.0028273577336221933,,,,,
25,15499,,0.015550164505839348,,1.0796258449554443,,5.3815226554870605,,0.5398902297019958,0.002833034610375762,,,,,
25,15549,,0.01451970636844635,,1.0875164270401,,5.432870864868164,,0.5427488088607788,0.002849288983270526,,,,,
25,15599,,0.015208656899631023,,1.0834773778915405,,5.458745002746582,,0.5360534191131592,0.0028530070558190346,,,,,
25,15649,,0.015189044177532196,,1.0713635683059692,,5.418088912963867,,0.5280070304870605,0.0028795029502362013,,,,,
25,15699,,0.014970709569752216,,1.0832239389419556,,5.504559516906738,,0.5312422513961792,0.0028772877994924784,,,,,
25,15729,,,,,,,,,,0.014914203435182571,1.1130495071411133,5.481046199798584,0.5634246468544006,0.002890050644055009
25,15729,0.015324392355978489,,1.0960309505462646,,5.473781108856201,,0.5470914244651794,,,,,,,
26,15749,,0.01444593071937561,,1.0652676820755005,,5.417264938354492,,0.5220675468444824,0.0028939461335539818,,,,,
26,15799,,0.015125617384910583,,1.062143325805664,,5.3651275634765625,,0.5240888595581055,0.002913558157160878,,,,,
26,15849,,0.015407904982566833,,1.1166021823883057,,5.565298080444336,,0.5585022568702698,0.002929073991253972,,,,,
26,15899,,0.014983804896473885,,1.089332103729248,,5.5127482414245605,,0.536529541015625,0.002941085724160075,,,,,
26,15949,,0.014659206382930279,,1.0771822929382324,,5.427926063537598,,0.5328940153121948,0.002965053077787161,,,,,
26,15999,,0.014387044124305248,,1.1177595853805542,,5.549481391906738,,0.5613428950309753,0.00298210047185421,,,,,
26,16049,,0.01484052836894989,,1.0884114503860474,,5.484204292297363,,0.5384768843650818,0.0030034363735467196,,,,,
26,16099,,0.014436176046729088,,1.0620989799499512,,5.410101890563965,,0.5196149945259094,0.00301639037206769,,,,,
26,16149,,0.01429726555943489,,1.0475075244903564,,5.213372230529785,,0.5247105360031128,0.0030215405859053135,,,,,
26,16199,,0.0148184634745121,,1.0968434810638428,,5.483875274658203,,0.5469435453414917,0.0030541191808879375,,,,,
26,16249,,0.014519153162837029,,1.1333037614822388,,5.554600715637207,,0.5763610601425171,0.0030618326272815466,,,,,
26,16299,,0.014532547444105148,,1.148057460784912,,5.563449859619141,,0.5902284383773804,0.003071506740525365,,,,,
26,16334,,,,,,,,,,0.01424933411180973,1.1131643056869507,5.470991134643555,0.5646095275878906,0.003089300123974681
26,16334,0.01470005139708519,,1.0945589542388916,,5.471305847167969,,0.5459282994270325,,,,,,,
27,16349,,0.014362220652401447,,1.066592812538147,,5.365365982055664,,0.5285890698432922,0.003088987898081541,,,,,
27,16399,,0.014639995992183685,,1.116590142250061,,5.5080461502075195,,0.5642904043197632,0.0031153466552495956,,,,,
27,16449,,0.014832044020295143,,1.1158956289291382,,5.472987174987793,,0.5670824646949768,0.0031253183260560036,,,,,
27,16499,,0.014348844066262245,,1.076012134552002,,5.440040588378906,,0.5305416584014893,0.003150943201035261,,,,,
27,16549,,0.013621619902551174,,1.0988705158233643,,5.4665117263793945,,0.5508255958557129,0.003164848079904914,,,,,
27,16599,,0.013770597986876965,,1.0997477769851685,,5.518520355224609,,0.5464867949485779,0.00317872641608119,,,,,
27,16649,,0.014513092115521431,,1.1019012928009033,,5.556205749511719,,0.544797420501709,0.00319840875454247,,,,,
27,16699,,0.013680024072527885,,1.097433090209961,,5.490205764770508,,0.5470123291015625,0.003222623374313116,,,,,
27,16749,,0.014239669777452946,,1.0489351749420166,,5.414191246032715,,0.5060595273971558,0.003249978180974722,,,,,
27,16799,,0.013970346190035343,,1.085045337677002,,5.473546028137207,,0.5362610816955566,0.0032601412385702133,,,,,
27,16849,,0.013195176608860493,,1.0998878479003906,,5.428055763244629,,0.5557301044464111,0.0032599265687167645,,,,,
27,16899,,0.013638680800795555,,1.022139549255371,,5.3419365882873535,,0.4865492582321167,0.0032824412919580936,,,,,
27,16939,,,,,,,,,,0.013738540932536125,1.1123874187469482,5.486297607421875,0.5623509883880615,0.003292796900495887
27,16939,0.01412962842732668,,1.0933138132095337,,5.469624042510986,,0.5449072122573853,,,,,,,
28,16949,,0.013750307261943817,,1.0948139429092407,,5.361639499664307,,0.5572420358657837,0.003293804358690977,,,,,
28,16999,,0.014106238260865211,,1.0859241485595703,,5.443999290466309,,0.5400804281234741,0.003321839962154627,,,,,
28,17049,,0.013310370035469532,,1.0873147249221802,,5.500790596008301,,0.5358710289001465,0.0033533999230712652,,,,,
28,17099,,0.01338033564388752,,1.1220283508300781,,5.432301044464111,,0.577426552772522,0.003367332275956869,,,,,
28,17149,,0.014081626199185848,,1.1228529214859009,,5.542204856872559,,0.5671902894973755,0.003386941971257329,,,,,
28,17199,,0.013870193623006344,,1.0989114046096802,,5.426789283752441,,0.5548113584518433,0.003409600118175149,,,,,
28,17249,,0.01318909041583538,,1.0592175722122192,,5.46777868270874,,0.5110865831375122,0.003425805363804102,,,,,
28,17299,,0.013567003421485424,,1.1330041885375977,,5.563352584838867,,0.5752777457237244,0.003446063259616494,,,,,
28,17349,,0.013644249178469181,,1.1043243408203125,,5.518197536468506,,0.5511054992675781,0.0034559962805360556,,,,,
28,17399,,0.013375851325690746,,1.1123430728912354,,5.561759948730469,,0.5547946691513062,0.00347637920640409,,,,,
28,17449,,0.013299142941832542,,1.113014578819275,,5.574541091918945,,0.5541955232620239,0.0035044525284320116,,,,,
28,17499,,0.013785327784717083,,1.1157320737838745,,5.491988182067871,,0.5651195049285889,0.003521468723192811,,,,,
28,17544,,,,,,,,,,0.013196613639593124,1.1125258207321167,5.500515937805176,0.5611191391944885,0.0035310382954776287
28,17544,0.013635512441396713,,1.0918112993240356,,5.4669084548950195,,0.5437231063842773,,,,,,,
29,17549,,0.012772114016115665,,1.1041123867034912,,5.465907573699951,,0.556209146976471,0.0035342569462955,,,,,
29,17599,,0.013585470616817474,,1.0786713361740112,,5.483022689819336,,0.5289748907089233,0.0035622583236545324,,,,,
29,17649,,0.013408355414867401,,1.1051899194717407,,5.46024227142334,,0.5577889680862427,0.0035875386092811823,,,,,
29,17699,,0.013462638482451439,,1.1205639839172363,,5.6085004806518555,,0.5583314895629883,0.0036095506511628628,,,,,
29,17749,,0.013237224891781807,,1.090417742729187,,5.4338812828063965,,0.5456695556640625,0.0036390037275850773,,,,,
29,17799,,0.013285362161695957,,1.0536078214645386,,5.356206893920898,,0.5166218876838684,0.003668377175927162,,,,,
29,17849,,0.01322892215102911,,1.0439488887786865,,5.438830375671387,,0.49870622158050537,0.00368398055434227,,,,,
29,17899,,0.01286701112985611,,1.0798583030700684,,5.356790542602539,,0.5428553819656372,0.0037158713676035404,,,,,
29,17949,,0.013280300423502922,,1.0963762998580933,,5.517656326293945,,0.5432454347610474,0.003728487528860569,,,,,
29,17999,,0.013208241201937199,,1.0892908573150635,,5.474252223968506,,0.5405073165893555,0.003745460184291005,,,,,
29,18049,,0.012786153703927994,,1.0875643491744995,,5.539312362670898,,0.5323168039321899,0.003766604233533144,,,,,
29,18099,,0.012722698040306568,,1.0486844778060913,,5.445138931274414,,0.502860426902771,0.0037897522561252117,,,,,
29,18149,,0.012610888108611107,,1.0390325784683228,,5.431838512420654,,0.49454930424690247,0.00382549362257123,,,,,
29,18149,,,,,,,,,,0.01273388508707285,1.1119710206985474,5.499372482299805,0.560721755027771,0.003826119937002659
29,18149,0.013183290138840675,,1.0902349948883057,,5.465639591217041,,0.5423164367675781,,,,,,,
30,18199,,0.01257036067545414,,1.0555146932601929,,5.413119316101074,,0.5129073858261108,0.003839481621980667,,,,,
30,18249,,0.013090290129184723,,1.130061388015747,,5.488821983337402,,0.5798313617706299,0.0038772751577198505,,,,,
30,18299,,0.013084856793284416,,1.0522981882095337,,5.377039432525635,,0.5132468342781067,0.003896150039508939,,,,,
30,18349,,0.012486152350902557,,1.096774697303772,,5.498406410217285,,0.5456462502479553,0.0039212144911289215,,,,,
30,18399,,0.013299847953021526,,1.0952438116073608,,5.437626838684082,,0.5501118302345276,0.003938691690564156,,,,,
30,18449,,0.013376358896493912,,1.053169846534729,,5.416943073272705,,0.5100980997085571,0.003983214497566223,,,,,
30,18499,,0.012618266977369785,,1.0974695682525635,,5.524534702301025,,0.5437143445014954,0.003996115177869797,,,,,
30,18549,,0.012401438318192959,,1.062086820602417,,5.393838882446289,,0.5214225053787231,0.004025643691420555,,,,,
30,18599,,0.012887297198176384,,1.0789895057678223,,5.308809280395508,,0.546779453754425,0.004045667126774788,,,,,
30,18649,,0.012685427442193031,,1.0769304037094116,,5.548126220703125,,0.5208085775375366,0.004074455238878727,,,,,
30,18699,,0.012445797212421894,,1.0809403657913208,,5.500393867492676,,0.5296154022216797,0.004095070529729128,,,,,
30,18749,,0.012595641426742077,,1.0974587202072144,,5.558470726013184,,0.5403106808662415,0.004132937174290419,,,,,
30,18754,,,,,,,,,,0.012480789795517921,1.1128934621810913,5.49249792098999,0.5623542666435242,0.0041378154419362545
30,18754,0.012827013619244099,,1.088668942451477,,5.463290214538574,,0.5410172939300537,,,,,,,
31,18799,,0.012905522249639034,,1.0738451480865479,,5.4107279777526855,,0.531440258026123,0.004149928223341703,,,,,
31,18849,,0.01315636932849884,,1.118566870689392,,5.539752006530762,,0.5632343292236328,0.0041719479486346245,,,,,
31,18899,,0.012916424311697483,,1.1101560592651367,,5.538761615753174,,0.5549461841583252,0.004202524200081825,,,,,
31,18949,,0.012603471986949444,,1.1136103868484497,,5.563110828399658,,0.5559967756271362,0.004219620022922754,,,,,
31,18999,,0.012710841372609138,,1.099593997001648,,5.50033712387085,,0.5482463836669922,0.004272374790161848,,,,,
31,19049,,0.012656187638640404,,1.0442216396331787,,5.400230407714844,,0.5028899908065796,0.004300148691982031,,,,,
31,19099,,0.011997116729617119,,1.1224216222763062,,5.553325653076172,,0.5658462047576904,0.004307860508561134,,,,,
31,19149,,0.012800275348126888,,1.0992008447647095,,5.5032806396484375,,0.5475491881370544,0.004347062669694424,,,,,
31,19199,,0.012010965496301651,,1.0833662748336792,,5.492639541625977,,0.5328575372695923,0.004358991514891386,,,,,
31,19249,,0.012465082108974457,,1.112501621246338,,5.5219502449035645,,0.5590161681175232,0.004396949894726276,,,,,
31,19299,,0.01297745667397976,,1.098209023475647,,5.477182865142822,,0.549148678779602,0.004431565757840872,,,,,
31,19349,,0.01225011795759201,,1.0842859745025635,,5.402575492858887,,0.5427588224411011,0.004457980860024691,,,,,
31,19359,,,,,,,,,,0.012132060714066029,1.1117912530899048,5.479641914367676,0.5625693202018738,0.004463850986212492
31,19359,0.012454135343432426,,1.087317943572998,,5.461594104766846,,0.5398701429367065,,,,,,,
32,19399,,0.012444879859685898,,1.073778748512268,,5.347476005554199,,0.5377416610717773,0.004489873070269823,,,,,
32,19449,,0.012186594307422638,,1.0342923402786255,,5.338790416717529,,0.4991494417190552,0.0045149847865104675,,,,,
32,19499,,0.012018818408250809,,1.069840669631958,,5.420882701873779,,0.5265049338340759,0.004553620237857103,,,,,
32,19549,,0.01189605612307787,,1.0562673807144165,,5.27725887298584,,0.5273061990737915,0.004573896527290344,,,,,
32,19599,,0.012119258753955364,,1.0791057348251343,,5.464783668518066,,0.5313694477081299,0.004605453461408615,,,,,
32,19649,,0.012660478241741657,,1.0745209455490112,,5.41778564453125,,0.5314300060272217,0.004632287193089724,,,,,
32,19699,,0.012219787575304508,,1.0920605659484863,,5.513302326202393,,0.539461612701416,0.0046592350117862225,,,,,
32,19749,,0.011423254385590553,,1.0990272760391235,,5.442071914672852,,0.5536307096481323,0.004691819194704294,,,,,
32,19799,,0.012119594030082226,,1.0810856819152832,,5.448876857757568,,0.5349388718605042,0.0047104996629059315,,,,,
32,19849,,0.011848022229969501,,1.1046842336654663,,5.544088363647461,,0.5490430593490601,0.004748730920255184,,,,,
32,19899,,0.012005819007754326,,1.0996785163879395,,5.574020862579346,,0.5410282015800476,0.0047722007147967815,,,,,
32,19949,,0.01144444476813078,,1.1040613651275635,,5.49580192565918,,0.5532886981964111,0.004801484756171703,,,,,
32,19964,,,,,,,,,,0.011909270659089088,1.1121875047683716,5.503116130828857,0.5606366395950317,0.004812241066247225
32,19964,0.012187547981739044,,1.08543860912323,,5.459039688110352,,0.5382696390151978,,,,,,,
33,19999,,0.012071197852492332,,1.0981085300445557,,5.446035385131836,,0.5522496104240417,0.004829791374504566,,,,,
33,20049,,0.01278012152761221,,1.1171046495437622,,5.475231170654297,,0.5682545900344849,0.004884838126599789,,,,,
33,20099,,0.012068445794284344,,1.0522440671920776,,5.392079830169678,,0.5117799043655396,0.004921134561300278,,,,,
33,20149,,0.012358980253338814,,1.0940066576004028,,5.476861476898193,,0.5450350046157837,0.004953328985720873,,,,,
33,20199,,0.011832772754132748,,1.0736427307128906,,5.371744155883789,,0.5352352857589722,0.004988778382539749,,,,,
33,20249,,0.012140452861785889,,1.118492603302002,,5.5330610275268555,,0.5639222860336304,0.005018847994506359,,,,,
33,20299,,0.01127748191356659,,1.1229585409164429,,5.617215156555176,,0.5600588321685791,0.005039559211581945,,,,,
33,20349,,0.011877396143972874,,1.062005639076233,,5.388505935668945,,0.5219166278839111,0.0050733452662825584,,,,,
33,20399,,0.011949991807341576,,1.1217488050460815,,5.6040754318237305,,0.5600951313972473,0.005112841725349426,,,,,
33,20449,,0.011705095879733562,,1.052600383758545,,5.384465217590332,,0.5129319429397583,0.005142532754689455,,,,,
33,20499,,0.011953877285122871,,1.0625184774398804,,5.379762172698975,,0.5232952833175659,0.005167246796190739,,,,,
33,20549,,0.012162541039288044,,1.05397629737854,,5.439763069152832,,0.5087317228317261,0.005200854502618313,,,,,
33,20569,,,,,,,,,,0.011640479788184166,1.1134624481201172,5.501815319061279,0.562064528465271,0.005202035885304213
33,20569,0.011971300467848778,,1.0838290452957153,,5.456573009490967,,0.5369240045547485,,,,,,,
34,20599,,0.012134259566664696,,1.0606985092163086,,5.449193000793457,,0.514513373374939,0.005236948374658823,,,,,
34,20649,,0.011759759858250618,,1.0336023569107056,,5.307446479797363,,0.501629114151001,0.0052624912932515144,,,,,
34,20699,,0.011761856265366077,,1.1287035942077637,,5.551185131072998,,0.5723558664321899,0.005301784723997116,,,,,
34,20749,,0.012162658385932446,,1.0744186639785767,,5.369550704956055,,0.5361939668655396,0.005337520502507687,,,,,
34,20799,,0.01246491726487875,,1.0965876579284668,,5.599742889404297,,0.5353132486343384,0.005369829013943672,,,,,
34,20849,,0.012120721861720085,,1.040503978729248,,5.400757789611816,,0.49916210770606995,0.005402981303632259,,,,,
34,20899,,0.011489946395158768,,1.0873245000839233,,5.52521276473999,,0.533599853515625,0.0054472582414746284,,,,,
34,20949,,0.011602471582591534,,1.1226933002471924,,5.447885513305664,,0.5766894817352295,0.005489617586135864,,,,,
34,20999,,0.012005752883851528,,1.04056715965271,,5.31386661529541,,0.5079246759414673,0.0055234688334167,,,,,
34,21049,,0.01143379881978035,,1.0778456926345825,,5.369776248931885,,0.5396692752838135,0.005538294557482004,,,,,
34,21099,,0.011792780831456184,,1.1061331033706665,,5.452336311340332,,0.5596643090248108,0.005584521684795618,,,,,
34,21149,,0.011505961418151855,,1.0476106405258179,,5.327151298522949,,0.5136888027191162,0.005609632004052401,,,,,
34,21174,,,,,,,,,,0.011654471047222614,1.1120367050170898,5.491516590118408,0.5616636276245117,0.005622721277177334
34,21174,0.011775366961956024,,1.0820411443710327,,5.454623699188232,,0.5353468060493469,,,,,,,
35,21199,,0.011947288177907467,,1.067073106765747,,5.483283042907715,,0.5174938440322876,0.0056312973611056805,,,,,
35,21249,,0.01192345842719078,,1.0259130001068115,,5.263284683227539,,0.4983353018760681,0.005687299650162458,,,,,
35,21299,,0.011924619786441326,,1.0482505559921265,,5.363604545593262,,0.5106405019760132,0.005723992828279734,,,,,
35,21349,,0.011413369327783585,,1.0845091342926025,,5.504086971282959,,0.5329015254974365,0.0057630096562206745,,,,,
35,21399,,0.011421848088502884,,1.0401275157928467,,5.284455299377441,,0.5104817152023315,0.0058050984516739845,,,,,
35,21449,,0.011896347627043724,,1.0599340200424194,,5.3830718994140625,,0.520378828048706,0.005843589548021555,,,,,
35,21499,,0.011386816389858723,,1.0763365030288696,,5.5011396408081055,,0.525024950504303,0.005888630636036396,,,,,
35,21549,,0.01133338175714016,,1.0668166875839233,,5.455775260925293,,0.520046591758728,0.005920227151364088,,,,,
35,21599,,0.01153669971972704,,1.0728541612625122,,5.421501159667969,,0.5294907093048096,0.005961632821708918,,,,,
35,21649,,0.011510352604091167,,1.042134404182434,,5.328680515289307,,0.5080553293228149,0.0059973993338644505,,,,,
35,21699,,0.011501786299049854,,1.071375846862793,,5.5004072189331055,,0.520124614238739,0.006034001242369413,,,,,
35,21749,,0.011674275621771812,,1.0754719972610474,,5.445740699768066,,0.529670000076294,0.006060220301151276,,,,,
35,21779,,,,,,,,,,0.011268905363976955,1.1143447160720825,5.512887477874756,0.5618680715560913,0.006090102717280388
35,21779,0.01158667542040348,,1.0802923440933228,,5.453794002532959,,0.5336958169937134,,,,,,,
36,21799,,0.011557778343558311,,1.0605257749557495,,5.34658670425415,,0.5246504545211792,0.006091748829931021,,,,,
36,21849,,0.01144785899668932,,1.0604523420333862,,5.334909439086914,,0.5257552266120911,0.006139449775218964,,,,,
36,21899,,0.011699174530804157,,1.0824426412582397,,5.442131042480469,,0.5369976758956909,0.006188696715980768,,,,,
36,21949,,0.011263445019721985,,1.0570951700210571,,5.399295330047607,,0.5159768462181091,0.00624230457469821,,,,,
36,21999,,0.011362792924046516,,1.1046406030654907,,5.416323661804199,,0.5618090033531189,0.006288627162575722,,,,,
36,22049,,0.01155686192214489,,1.087860345840454,,5.463972091674805,,0.5402441024780273,0.006330623757094145,,,,,
36,22099,,0.011810755357146263,,1.0610873699188232,,5.488412380218506,,0.5110012888908386,0.0063705286011099815,,,,,
36,22149,,0.011431590653955936,,1.0535879135131836,,5.423825740814209,,0.5099979043006897,0.006410225760191679,,,,,
36,22199,,0.011476115323603153,,1.061358094215393,,5.464031219482422,,0.5137426853179932,0.006459513679146767,,,,,
36,22249,,0.011142156086862087,,1.0584455728530884,,5.370607852935791,,0.5202056169509888,0.006488757207989693,,,,,
36,22299,,0.011469360440969467,,1.0480995178222656,,5.472174644470215,,0.4996699392795563,0.006522823125123978,,,,,
36,22349,,0.011541993357241154,,1.0876489877700806,,5.5260539054870605,,0.5338239669799805,0.006546915974467993,,,,,
36,22384,,,,,,,,,,0.011289261281490326,1.1125863790512085,5.502106666564941,0.561180591583252,0.006579323206096888
36,22384,0.01151371281594038,,1.0785329341888428,,5.4528632164001465,,0.5320331454277039,,,,,,,
37,22399,,0.011422459036111832,,1.0493934154510498,,5.353715419769287,,0.5128136873245239,0.006589240860193968,,,,,
37,22449,,0.011445161886513233,,1.0751895904541016,,5.47526741027832,,0.5264519453048706,0.006634757854044437,,,,,
37,22499,,0.01154696848243475,,1.0645524263381958,,5.513025283813477,,0.5120283365249634,0.006687091197818518,,,,,
37,22549,,0.011657347902655602,,1.06142258644104,,5.470059394836426,,0.51318359375,0.006737965624779463,,,,,
37,22599,,0.011633999645709991,,1.0688581466674805,,5.473587989807129,,0.5202680826187134,0.006779024843126535,,,,,
37,22649,,0.011048492975533009,,1.074794888496399,,5.452681541442871,,0.5283535122871399,0.006827157456427813,,,,,
37,22699,,0.011447922326624393,,1.0794867277145386,,5.49037504196167,,0.5292357802391052,0.006864398252218962,,,,,
37,22749,,0.011493118479847908,,1.0809880495071411,,5.422384738922119,,0.537531316280365,0.006890051066875458,,,,,
37,22799,,0.01117000263184309,,1.09499192237854,,5.483368873596191,,0.5454685688018799,0.006939997896552086,,,,,
37,22849,,0.011387951672077179,,1.1119282245635986,,5.590269565582275,,0.5516927242279053,0.00697015505284071,,,,,
37,22899,,0.011468629352748394,,1.0481334924697876,,5.3983964920043945,,0.5070767998695374,0.0070145768113434315,,,,,
37,22949,,0.011168628931045532,,1.121506690979004,,5.523105621337891,,0.5680087804794312,0.007049938198179007,,,,,
37,22989,,,,,,,,,,0.01133762113749981,1.1132251024246216,5.522784233093262,0.5597422122955322,0.007078483700752258
37,22989,0.0114411236718297,,1.0766111612319946,,5.449767589569092,,0.5304214954376221,,,,,,,
38,22999,,0.011796252802014351,,1.0710796117782593,,5.495763778686523,,0.5202527046203613,0.007094355300068855,,,,,
38,23049,,0.011658449657261372,,1.0520524978637695,,5.399478912353516,,0.5108672976493835,0.0071432944387197495,,,,,
38,23099,,0.011489440687000751,,1.073485255241394,,5.491621017456055,,0.5231022238731384,0.0072058881632983685,,,,,
38,23149,,0.011011597700417042,,1.0990043878555298,,5.540685176849365,,0.5437621474266052,0.007256062235683203,,,,,
38,23199,,0.011932505294680595,,1.1066367626190186,,5.564792633056641,,0.5488913059234619,0.007301319390535355,,,,,
38,23249,,0.011665046215057373,,1.091195821762085,,5.435950756072998,,0.5463607311248779,0.007359006907790899,,,,,
38,23299,,0.011097582057118416,,1.04604971408844,,5.339936256408691,,0.5108721852302551,0.007414752617478371,,,,,
38,23349,,0.011645563878118992,,1.0745214223861694,,5.494460105895996,,0.5238362550735474,0.0074601126834750175,,,,,
38,23399,,0.01139520201832056,,1.1141973733901978,,5.518708229064941,,0.5611120462417603,0.007495463825762272,,,,,
38,23449,,0.011111884377896786,,1.0922695398330688,,5.500260353088379,,0.5410569906234741,0.00753398472443223,,,,,
38,23499,,0.0117007652297616,,1.1109462976455688,,5.522128582000732,,0.5574878454208374,0.007560222875326872,,,,,
38,23549,,0.011217465624213219,,1.1025036573410034,,5.592172145843506,,0.5420886874198914,0.0075959013774991035,,,,,
38,23594,,,,,,,,,,0.011269244365394115,1.1152652502059937,5.541645526885986,0.5598971843719482,0.007627963554114103
38,23594,0.011376144364476204,,1.074652075767517,,5.447889804840088,,0.5286514759063721,,,,,,,
39,23599,,0.011382563970983028,,1.0904004573822021,,5.51132869720459,,0.538053035736084,0.00763184018433094,,,,,
39,23649,,0.011533919721841812,,1.052252173423767,,5.404892921447754,,0.5105324387550354,0.007695941720157862,,,,,
39,23699,,0.01116193551570177,,1.0905507802963257,,5.513629913330078,,0.5379942059516907,0.007746717892587185,,,,,
39,23749,,0.011269832961261272,,1.0542428493499756,,5.339824676513672,,0.5190553665161133,0.007796868681907654,,,,,
39,23799,,0.011471756733953953,,1.0613148212432861,,5.307514190673828,,0.5293379426002502,0.00783604010939598,,,,,
39,23849,,0.01152297668159008,,1.0421582460403442,,5.415706157684326,,0.49935662746429443,0.00788517203181982,,,,,
39,23899,,0.011348843574523926,,1.083600401878357,,5.449928283691406,,0.5373930931091309,0.007949331775307655,,,,,
39,23949,,0.011827997863292694,,1.0609729290008545,,5.314970016479492,,0.5282132029533386,0.007984105497598648,,,,,
39,23999,,0.011086661368608475,,1.0625131130218506,,5.372399806976318,,0.5240841507911682,0.00803394615650177,,,,,
39,24049,,0.011078576557338238,,1.0320732593536377,,5.3812761306762695,,0.49275702238082886,0.008079096674919128,,,,,
39,24099,,0.011614211834967136,,1.063806176185608,,5.445521354675293,,0.5180112719535828,0.008129555732011795,,,,,
39,24149,,0.011302029713988304,,1.0810824632644653,,5.489153861999512,,0.5309550762176514,0.008182462304830551,,,,,
39,24199,,0.011165597476065159,,1.0548791885375977,,5.423881530761719,,0.5112923979759216,0.008213628083467484,,,,,
39,24199,,,,,,,,,,0.011114511638879776,1.1149282455444336,5.534066677093506,0.56032794713974,0.008213519118726254
39,24199,0.01138911023736,,1.0725982189178467,,5.44614315032959,,0.5267649292945862,,,,,,,
