protein,phase_rad,mean_alpha
DGCR8_K562,-0.33313227,0.08541571
NONO_K562,-0.31046796,0.064789124
LSM11_K562,-0.22549747,0.0357717
ILF3_K562,-0.15756562,0.016317029
EXOSC5_HepG2,-0.13413762,0.0385111
HNRNPU_HepG2,-0.12718558,0.07204674
FTO_HepG2,-0.0093670115,0.010956472
IGF2BP1_K562,-0.0014380686,0.00045935388
LIN28B_K562,-4.406365e-05,4.3494222e-07
GRWD1_K562,-8.602129e-06,9.776156e-08
SRSF9_HepG2,-4.9554133e-06,4.0711328e-08
UCHL5_K562,-3.7799468e-06,4.4476515e-08
TRA2A_HepG2,-3.6902006e-06,2.1614502e-08
LSM11_HepG2,-2.9510363e-06,4.3520984e-08
HLTF_HepG2,-2.42117e-06,2.0442965e-08
UPF1_K562,-1.9997503e-06,9.778481e-09
KHSRP_K562,-1.8947705e-06,9.4744275e-09
FTO_K562,-1.8871472e-06,6.1040724e-09
YBX3_HepG2,-1.8334466e-06,3.0036343e-08
EWSR1_K562,-1.6434583e-06,8.502322e-09
RBFOX2_HepG2,-1.5845053e-06,1.2186427e-08
ZC3H8_K562,-1.561861e-06,1.09832365e-08
ZNF800_K562,-1.4195892e-06,2.9324639e-08
ILF3_HepG2,-1.2324584e-06,1.2651088e-08
RBM22_HepG2,-1.1270395e-06,6.366213e-09
CSTF2T_K562,-1.0838834e-06,4.5630628e-08
KHSRP_HepG2,-1.0823884e-06,1.7809024e-08
FUS_HepG2,-1.0773261e-06,8.341127e-09
NCBP2_HepG2,-1.0105913e-06,5.2264646e-09
HNRNPM_HepG2,-9.743821e-07,9.944033e-08
BUD13_HepG2,-8.9916864e-07,4.0987316e-09
TAF15_HepG2,-8.6695803e-07,4.492495e-09
AGGF1_HepG2,-8.597037e-07,8.4746e-09
FXR2_HepG2,-8.576889e-07,1.3820302e-08
FASTKD2_HepG2,-8.537391e-07,9.5961346e-09
ABCF1_K562,-8.0947524e-07,7.069736e-09
EIF4G2_K562,-7.3728876e-07,9.114119e-08
PCBP1_HepG2,-7.3484034e-07,4.944636e-08
NIP7_HepG2,-7.340859e-07,7.3473934e-09
AATF_K562,-6.863905e-07,6.752713e-09
HNRNPU_K562,-6.7731224e-07,3.731907e-09
GPKOW_K562,-6.7572574e-07,2.6080216e-09
KHDRBS1_K562,-6.653486e-07,3.2240937e-09
GTF2F1_HepG2,-6.638389e-07,5.3547993e-09
TRA2A_K562,-6.62207e-07,1.44779655e-08
EIF3D_HepG2,-6.5212004e-07,6.9127615e-09
AGGF1_K562,-6.175172e-07,6.013339e-09
PABPC4_K562,-5.984495e-07,3.543332e-09
FAM120A_K562,-5.857905e-07,4.340641e-09
SND1_K562,-5.778953e-07,9.19144e-09
SF3B4_HepG2,-5.7402434e-07,2.2475124e-09
U2AF2_K562,-5.651819e-07,9.501669e-09
SERBP1_K562,-5.64004e-07,1.4524013e-08
PPIL4_K562,-5.3860276e-07,4.0114334e-09
BUD13_K562,-5.32914e-07,5.2419757e-09
GRSF1_HepG2,-5.030871e-07,4.900827e-09
SRSF1_K562,-4.8662287e-07,9.646175e-09
FKBP4_HepG2,-4.8653743e-07,2.7926381e-09
RBFOX2_K562,-4.696721e-07,3.3260408e-09
HNRNPL_K562,-4.5754126e-07,4.801667e-09
YWHAG_K562,-4.5509972e-07,2.421087e-09
TIA1_HepG2,-4.3219845e-07,3.0589464e-09
EFTUD2_K562,-4.3009518e-07,3.374189e-09
SSB_K562,-4.2437313e-07,8.79583e-09
POLR2G_HepG2,-4.139824e-07,6.9987616e-09
UPF1_HepG2,-4.1128828e-07,1.124134e-08
SUGP2_HepG2,-4.015479e-07,2.5289996e-08
FXR2_K562,-3.9885174e-07,5.938843e-09
APOBEC3C_K562,-3.971834e-07,3.8673718e-09
LARP7_HepG2,-3.9479735e-07,1.0241603e-08
SFPQ_HepG2,-3.8855555e-07,6.9235857e-09
SBDS_K562,-3.847102e-07,8.180253e-09
FXR1_K562,-3.8181636e-07,6.5871144e-09
DDX6_HepG2,-3.734505e-07,2.8206868e-09
UTP18_HepG2,-3.719728e-07,7.613261e-09
TROVE2_HepG2,-3.6390927e-07,6.211062e-09
SUPV3L1_K562,-3.6166372e-07,2.445788e-09
MATR3_HepG2,-3.5936918e-07,3.790704e-09
HNRNPA1_K562,-3.587242e-07,1.6310786e-08
DDX3X_HepG2,-3.4866923e-07,7.814055e-09
RBM15_K562,-3.4724758e-07,9.800488e-09
METAP2_K562,-3.4675614e-07,5.59354e-09
HNRNPUL1_HepG2,-3.4618594e-07,4.984229e-09
ZC3H11A_HepG2,-3.446756e-07,3.0007754e-09
TBRG4_HepG2,-3.3933756e-07,3.4301118e-09
DROSHA_HepG2,-3.3828448e-07,4.8550994e-09
NOL12_HepG2,-3.3506214e-07,7.010225e-09
DDX59_HepG2,-3.3456698e-07,2.3387416e-09
HLTF_K562,-3.3372396e-07,7.8118445e-09
U2AF1_HepG2,-3.2958863e-07,7.894194e-09
XRCC6_K562,-3.235769e-07,3.830769e-09
SRSF7_K562,-3.2285902e-07,1.1543129e-08
HNRNPC_HepG2,-3.1757247e-07,2.2568807e-09
FMR1_K562,-3.1161912e-07,1.8393076e-08
UCHL5_HepG2,-3.0970344e-07,1.4500493e-08
PCBP1_K562,-3.0605733e-07,1.1268551e-08
DHX30_HepG2,-2.9685853e-07,1.9256121e-09
EXOSC5_K562,-2.909385e-07,2.3505546e-09
SMNDC1_K562,-2.8560873e-07,1.4035114e-08
AARS_K562,-2.7591182e-07,5.126063e-09
HNRNPC_K562,-2.548172e-07,3.4005676e-09
TROVE2_K562,-2.453537e-07,6.357693e-09
EIF3H_HepG2,-2.3239623e-07,1.8914635e-08
RBM15_HepG2,-2.2981915e-07,3.35613e-09
HNRNPA1_HepG2,-2.1920467e-07,1.5767032e-08
XRN2_K562,-2.1841171e-07,5.3314206e-09
PRPF4_HepG2,-2.1536415e-07,6.8669785e-09
PCBP2_HepG2,-2.1056373e-07,1.9254227e-09
WDR3_K562,-2.0973029e-07,4.8794124e-09
XRCC6_HepG2,-2.0761311e-07,3.737065e-09
FUS_K562,-1.9904584e-07,4.5543023e-09
HNRNPL_HepG2,-1.8506887e-07,1.5067809e-09
SF3A3_HepG2,-1.8412308e-07,1.9331743e-09
SDAD1_K562,-1.765449e-07,3.274646e-09
FAM120A_HepG2,-1.7602159e-07,4.8841087e-09
DDX24_K562,-1.5975225e-07,8.044249e-09
RPS3_HepG2,-1.5867033e-07,1.0903401e-08
NOLC1_K562,-1.5672795e-07,3.076308e-09
U2AF2_HepG2,-1.5543424e-07,3.9824615e-09
RBM5_HepG2,-1.5450595e-07,2.717739e-09
WRN_K562,-1.5404505e-07,5.688504e-09
CDC40_HepG2,-1.4863807e-07,1.8703181e-09
PRPF8_K562,-1.4657616e-07,1.1439663e-08
NOLC1_HepG2,-1.4487158e-07,5.40403e-09
EIF3G_K562,-1.4449833e-07,2.2856559e-09
GNL3_K562,-1.3248042e-07,5.4039795e-09
AKAP1_HepG2,-1.262552e-07,4.036043e-09
GTF2F1_K562,-1.1904657e-07,2.7796816e-09
SAFB2_K562,-1.1372381e-07,6.824372e-09
XPO5_HepG2,-1.1047384e-07,1.6769084e-08
NKRF_HepG2,-1.0925525e-07,4.1023682e-09
AKAP8L_K562,-1.07935456e-07,1.8698076e-09
RBM22_K562,-9.777667e-08,3.0691119e-09
LARP7_K562,-9.6786785e-08,1.5622522e-09
MATR3_K562,-9.032256e-08,2.9705152e-09
TIA1_K562,-8.9974925e-08,6.701154e-09
STAU2_HepG2,-8.781642e-08,3.6503143e-09
SLTM_HepG2,-8.692983e-08,4.267102e-09
SAFB_K562,-8.4964114e-08,3.6701988e-09
CPSF6_K562,-8.23772e-08,8.359901e-09
LARP4_K562,-8.108163e-08,3.2646843e-09
IGF2BP3_HepG2,-7.571424e-08,7.4164745e-09
HNRNPK_HepG2,-7.393473e-08,3.6632568e-09
NCBP2_K562,-7.300331e-08,3.965999e-09
AQR_HepG2,-7.247295e-08,4.22812e-09
QKI_K562,-7.147726e-08,1.9195636e-09
FASTKD2_K562,-7.13768e-08,3.775837e-09
DROSHA_K562,-7.098206e-08,4.8199906e-09
NSUN2_K562,-6.3233934e-08,2.331362e-09
UTP18_K562,-5.8610635e-08,4.1715027e-09
DDX52_K562,-4.865141e-08,2.8504124e-09
U2AF1_K562,-4.8488914e-08,6.7135066e-09
ZRANB2_K562,-4.4286725e-08,4.3537556e-09
DDX55_K562,-4.3214236e-08,1.648296e-08
SUPV3L1_HepG2,-3.9741124e-08,3.955979e-09
TBRG4_K562,-3.257232e-08,1.7922196e-09
HNRNPUL1_K562,-2.6733794e-08,5.906283e-09
ZC3H11A_K562,-2.2394138e-08,2.1898625e-09
SAFB_HepG2,-2.1089011e-08,6.400272e-09
RPS3_K562,-1.698425e-08,2.0349118e-09
NPM1_K562,-1.2903063e-08,4.060498e-09
CPEB4_K562,-1.2239598e-08,3.3796521e-09
DDX6_K562,-5.3202176e-09,5.29518e-09
FUBP3_HepG2,-3.9583896e-09,3.759698e-09
DHX30_K562,-2.0104869e-09,3.458092e-09
QKI_HepG2,2.3230866e-09,7.6398115e-09
PUS1_K562,3.2747625e-09,3.9857038e-09
DDX52_HepG2,4.103296e-09,3.2333474e-09
EFTUD2_HepG2,4.8707975e-09,4.75747e-09
SF3B1_K562,6.3442163e-09,3.7431307e-09
SMNDC1_HepG2,7.622864e-09,3.4026888e-09
DDX42_K562,1.4118785e-08,4.4824784e-09
WDR43_HepG2,1.6654061e-08,3.9035903e-09
DDX21_K562,1.871177e-08,3.2921663e-09
HNRNPM_K562,2.3338833e-08,7.325477e-09
MTPAP_K562,2.7324072e-08,5.2367732e-09
ZNF800_HepG2,2.9245898e-08,5.1050937e-09
SLBP_K562,3.3737113e-08,3.6043106e-09
DKC1_HepG2,3.430993e-08,1.42467105e-08
PHF6_K562,3.6308496e-08,3.2937775e-09
GEMIN5_K562,4.0704155e-08,1.997182e-09
UTP3_K562,4.223339e-08,4.377198e-09
DDX51_K562,4.9060336e-08,3.98894e-09
TAF15_K562,5.442376e-08,9.3626e-09
TIAL1_HepG2,5.854574e-08,2.828706e-09
PTBP1_HepG2,7.730177e-08,4.17746e-09
PTBP1_K562,7.894047e-08,4.906547e-09
PUM1_K562,8.2170885e-08,8.98628e-09
PUM2_K562,8.517875e-08,2.5904354e-09
AQR_K562,9.535797e-08,1.7282941e-09
RPS11_K562,1.126961e-07,5.7194858e-09
CSTF2_HepG2,1.1480665e-07,8.622219e-09
HNRNPK_K562,1.2281359e-07,1.3080124e-08
AKAP1_K562,1.2768739e-07,4.3746593e-09
PRPF8_HepG2,1.3659039e-07,7.659765e-09
SUB1_HepG2,1.792811e-07,5.0233306e-09
WDR43_K562,1.8122945e-07,5.7227734e-09
SF3B4_K562,1.8139127e-07,1.1439843e-08
LARP4_HepG2,2.0395001e-07,9.487539e-09
XRN2_HepG2,2.4402382e-07,5.296455e-09
SSB_HepG2,2.7228236e-07,6.9858865e-09
BCCIP_HepG2,2.84279e-07,1.7596793e-08
SDAD1_HepG2,3.3020083e-07,1.956748e-08
NIPBL_K562,3.7835005e-07,1.4396674e-08
CSTF2T_HepG2,4.4548918e-07,9.788439e-09
SLTM_K562,6.6937406e-07,4.842604e-08
DGCR8_HepG2,7.305944e-07,5.2693657e-08
IGF2BP1_HepG2,1.6320753e-06,7.853223e-08
LIN28B_HepG2,3.048673e-06,2.91501e-07
SRSF1_HepG2,1.526879e-05,6.676316e-07
PPIG_HepG2,1.8621866e-05,2.5290854e-06
G3BP1_HepG2,3.5760113e-05,2.8718941e-06
IGF2BP2_K562,0.00032408416,1.2191756e-05
TARDBP_K562,0.034070715,0.0038146572
BCLAF1_HepG2,0.050143957,0.01941365
DDX3X_K562,0.07770179,0.010649619
PABPN1_HepG2,0.090087585,0.017442657
YBX3_K562,0.11157893,0.11605576
DDX55_HepG2,0.13639548,0.09687188
GRWD1_HepG2,0.16155176,0.09100204
ZNF622_K562,0.17773795,0.09989872
SND1_HepG2,0.18539895,0.036478065
SRSF7_HepG2,0.35359806,0.06334359
