protein,pearson_r
YBX3_HepG2,0.23570594
PABPN1_HepG2,0.23288827
SND1_K562,0.23078291
FXR1_K562,0.2306141
GRWD1_HepG2,0.22947434
SND1_HepG2,0.22755285
UCHL5_HepG2,0.22672217
EIF3H_HepG2,0.22612414
ZNF800_HepG2,0.22534087
RPS3_HepG2,0.22510524
G3BP1_HepG2,0.22405231
YBX3_K562,0.22262676
SRSF1_K562,0.22144547
FXR2_K562,0.22023384
FXR2_HepG2,0.21987227
SRSF1_HepG2,0.21853654
PPIG_HepG2,0.2150642
HNRNPC_K562,0.21498938
GRWD1_K562,0.21493968
EIF3D_HepG2,0.21493657
HLTF_K562,0.21293096
ZNF622_K562,0.21238625
ABCF1_K562,0.21203215
LARP4_HepG2,0.21178499
DDX55_K562,0.21108854
METAP2_K562,0.2110847
FMR1_K562,0.21081838
FASTKD2_HepG2,0.2103415
SRSF9_HepG2,0.20985404
NIP7_HepG2,0.20955817
PUM1_K562,0.20954235
SDAD1_HepG2,0.2083482
POLR2G_HepG2,0.20791392
NOL12_HepG2,0.20788069
BCLAF1_HepG2,0.20747271
SRSF7_K562,0.20744732
ZNF800_K562,0.20651667
RPS3_K562,0.20563987
LSM11_HepG2,0.2053246
IGF2BP2_K562,0.20506756
PRPF4_HepG2,0.20483537
DDX24_K562,0.20476699
APOBEC3C_K562,0.20209694
DDX3X_HepG2,0.20199423
XRCC6_K562,0.20155606
UCHL5_K562,0.20092225
NOLC1_K562,0.20043011
NCBP2_HepG2,0.19899026
DDX3X_K562,0.19897327
FTO_HepG2,0.19728228
RBM15_HepG2,0.19706997
EIF3G_K562,0.19695853
TRA2A_HepG2,0.19594696
IGF2BP1_HepG2,0.19575188
U2AF1_HepG2,0.19489393
LIN28B_HepG2,0.19478653
BUD13_HepG2,0.19429645
RBM15_K562,0.1942535
IGF2BP3_HepG2,0.19391474
DDX6_HepG2,0.19389084
LIN28B_K562,0.19223073
HLTF_HepG2,0.19159111
DHX30_HepG2,0.19128804
XRCC6_HepG2,0.19015989
MTPAP_K562,0.18855919
CPSF6_K562,0.1879999
GEMIN5_K562,0.18766168
IGF2BP1_K562,0.18661018
DDX6_K562,0.18659249
WDR43_HepG2,0.18597393
SSB_HepG2,0.18566659
YWHAG_K562,0.1847169
SUB1_HepG2,0.18418139
FTO_K562,0.18354857
STAU2_HepG2,0.18315819
PABPC4_K562,0.18208191
NCBP2_K562,0.1807902
GRSF1_HepG2,0.18061797
TBRG4_HepG2,0.17977265
NIPBL_K562,0.17968807
NOLC1_HepG2,0.17935842
RPS11_K562,0.17747673
SLTM_HepG2,0.17729416
BUD13_K562,0.17705585
PTBP1_HepG2,0.17690663
UTP18_K562,0.1768544
AGGF1_HepG2,0.17516449
TRA2A_K562,0.17446436
AKAP1_K562,0.17433377
AQR_HepG2,0.17406625
PPIL4_K562,0.17402044
TBRG4_K562,0.17394724
EXOSC5_HepG2,0.1737186
DDX42_K562,0.17261702
BCCIP_HepG2,0.1725468
ZC3H11A_K562,0.17250761
DDX52_HepG2,0.17177095
FUS_K562,0.17090634
DROSHA_HepG2,0.17017175
FKBP4_HepG2,0.16960329
PTBP1_K562,0.16956758
AKAP1_HepG2,0.16824096
LARP4_K562,0.16773865
SDAD1_K562,0.16719246
SAFB_K562,0.16595761
ZC3H11A_HepG2,0.1659322
GTF2F1_HepG2,0.16583593
UTP3_K562,0.16538456
ZC3H8_K562,0.1651043
DDX55_HepG2,0.16393788
SRSF7_HepG2,0.16276231
NKRF_HepG2,0.16244231
FUS_HepG2,0.1623068
CDC40_HepG2,0.16212353
XRN2_K562,0.16211307
SBDS_K562,0.16131799
UTP18_HepG2,0.16115522
PUS1_K562,0.16094866
PCBP1_HepG2,0.1608788
SAFB2_K562,0.16052906
AARS_K562,0.16041285
HNRNPC_HepG2,0.15939347
HNRNPM_K562,0.1591312
AKAP8L_K562,0.15891176
DHX30_K562,0.15840295
DDX52_K562,0.15725261
FAM120A_K562,0.1564136
FASTKD2_K562,0.1560948
AGGF1_K562,0.15539187
CSTF2_HepG2,0.15407935
LARP7_HepG2,0.15375322
U2AF1_K562,0.15298435
PCBP1_K562,0.15293315
SLTM_K562,0.15176514
ZRANB2_K562,0.15123962
U2AF2_HepG2,0.15098074
FAM120A_HepG2,0.15063277
U2AF2_K562,0.15019402
EWSR1_K562,0.15017453
DGCR8_HepG2,0.14956442
ILF3_K562,0.14884156
SSB_K562,0.14867203
WRN_K562,0.14696807
UPF1_K562,0.14685526
DDX59_HepG2,0.14676464
KHSRP_HepG2,0.14641722
EFTUD2_HepG2,0.14634486
GNL3_K562,0.14543673
SMNDC1_HepG2,0.1449974
RBM5_HepG2,0.1449566
SUPV3L1_HepG2,0.14483881
SAFB_HepG2,0.14477515
GTF2F1_K562,0.14468737
GPKOW_K562,0.1443512
HNRNPUL1_HepG2,0.14432257
EIF4G2_K562,0.14409015
CPEB4_K562,0.14408633
UPF1_HepG2,0.14326075
FUBP3_HepG2,0.14262879
SUGP2_HepG2,0.14223805
HNRNPUL1_K562,0.14151365
CSTF2T_HepG2,0.14117908
DDX51_K562,0.14092472
DKC1_HepG2,0.14080244
MATR3_HepG2,0.14050353
HNRNPA1_HepG2,0.14030327
RBM22_HepG2,0.1401547
PHF6_K562,0.139612
WDR3_K562,0.13922134
SERBP1_K562,0.1389598
TAF15_K562,0.13891777
EXOSC5_K562,0.13880315
HNRNPL_HepG2,0.13788891
LSM11_K562,0.13648972
TROVE2_HepG2,0.13630906
HNRNPM_HepG2,0.1362827
MATR3_K562,0.13562156
PRPF8_HepG2,0.13547957
HNRNPA1_K562,0.13543157
WDR43_K562,0.13506062
ILF3_HepG2,0.13454938
TAF15_HepG2,0.13408282
AATF_K562,0.13372089
TROVE2_K562,0.13269964
HNRNPU_K562,0.13183212
NONO_K562,0.13034077
HNRNPK_K562,0.12883171
RBFOX2_K562,0.12831342
HNRNPU_HepG2,0.12666829
XPO5_HepG2,0.12649724
PCBP2_HepG2,0.12631531
DROSHA_K562,0.124564216
PUM2_K562,0.12384279
CSTF2T_K562,0.12379557
TIA1_HepG2,0.12366189
PRPF8_K562,0.122785866
TARDBP_K562,0.12190864
NPM1_K562,0.1210352
RBFOX2_HepG2,0.12071264
SF3B1_K562,0.120271884
TIAL1_HepG2,0.119233415
DGCR8_K562,0.11881045
QKI_HepG2,0.11790564
EFTUD2_K562,0.116029955
SMNDC1_K562,0.115896024
KHDRBS1_K562,0.11586465
HNRNPL_K562,0.11521946
SFPQ_HepG2,0.11157302
HNRNPK_HepG2,0.11040272
SF3A3_HepG2,0.105794564
SUPV3L1_K562,0.10476565
DDX21_K562,0.09926789
LARP7_K562,0.09641968
QKI_K562,0.095117085
SF3B4_K562,0.094588764
KHSRP_K562,0.08587928
SLBP_K562,0.08573004
SF3B4_HepG2,0.07939067
AQR_K562,0.07828513
NSUN2_K562,0.07382353
XRN2_HepG2,0.053024292
TIA1_K562,0.05186502
RBM22_K562,0.05102278
